#queryIndex	queryItem	stringId	preferredName	annotation
1	Q3SYP2	10090.ENSMUSP00000039879	Ctrc	Chymotrypsin c (caldecrin); Has chymotrypsin-type protease activity and hypocalcemic activity
2	Q91YE8	10090.ENSMUSP00000102034	Synpo2	Synaptopodin-2; Has an actin-binding and actin-bundling activity. Can induce the formation of F-actin networks. At the sarcomeric Z lines is proposed to act as adapter protein that links nascent myofibers to the sarcolemma via ZYX and may play a role in early assembly and stabilization of the Z lines. Involved in autophagosome formation. May play a role in chaperone- assisted selective autophagy (CASA) involved in Z lines maintenance in striated muscle under mechanical tension; may link the client-processing CASA chaperone machinery to a membrane- tethering and fusion complex providing [...] 
3	Q8C407	10090.ENSMUSP00000024873	Yipf4	Protein YIPF4; Involved in the maintenance of the Golgi structure; Belongs to the YIP1 family
4	Q9CR36	10090.ENSMUSP00000032129	Gkn1	Gastrokine-1; Has mitogenic activity and may be involved in maintaining the integrity of the gastric mucosal epithelium
5	P31786	10090.ENSMUSP00000114705	Dbi	Diazepam-binding inhibitor (gaba receptor modulator, acyl-coa-binding protein); Acyl-CoA-binding protein; Binds medium- and long-chain acyl-CoA esters with very high affinity and may function as an intracellular carrier of acyl-CoA esters. It is also able to displace diazepam from the benzodiazepine (BZD) recognition site located on the GABA type A receptor. It is therefore possible that this protein also acts as a neuropeptide to modulate the action of the GABA receptor
6	Q9CWZ3	10090.ENSMUSP00000044548	Rbm8a	Rna binding motif protein 8a; Required for pre-mRNA splicing as component of the spliceosome (By similarity). Core component of the splicing-dependent multiprotein exon junction complex (EJC) deposited at splice junctions on mRNAs. The EJC is a dynamic structure consisting of core proteins and several peripheral nuclear and cytoplasmic associated factors that join the complex only transiently either during EJC assembly or during subsequent mRNA metabolism. The EJC marks the position of the exon-exon junction in the mature mRNA for the gene expression machinery and the core components r [...] 
7	Q9CQS6	10090.ENSMUSP00000032128	Gkn2	Gastrokine-2; Gastrokine 2
8	P47758	10090.ENSMUSP00000035157	Srprb	Signal recognition particle receptor subunit beta; Component of the SRP (signal recognition particle) receptor. Ensures, in conjunction with the signal recognition particle, the correct targeting of the nascent secretory proteins to the endoplasmic reticulum membrane system. Has GTPase activity. May mediate the membrane association of SRPR
9	Q9D8B4	10090.ENSMUSP00000002452	Ndufa11	Nadh dehydrogenase (ubiquinone) 1 alpha subcomplex subunit 11; Accessory subunit of the mitochondrial membrane respiratory chain NADH dehydrogenase (Complex I), that is believed not to be involved in catalysis. Complex I functions in the transfer of electrons from NADH to the respiratory chain. The immediate electron acceptor for the enzyme is believed to be ubiquinone
10	Q9DCF9	10090.ENSMUSP00000029414	Ssr3	Translocon-associated protein subunit gamma; TRAP proteins are part of a complex whose function is to bind calcium to the ER membrane and thereby regulate the retention of ER resident proteins; Belongs to the TRAP-gamma family
11	P28798	10090.ENSMUSP00000046340	Grn	Progranulin; Granulins; Granulins have possible cytokine-like activity. They may play a role in inflammation, wound repair, and tissue remodeling. Acts as an autocrine growth factor for PC cells
12	Q9D8U8	10090.ENSMUSP00000105657	Snx5	Sorting nexin-5; Involved in several stages of intracellular trafficking. Interacts with membranes containing phosphatidylinositol lipids. Acts in part as component of the retromer membrane-deforming SNX- BAR subcomplex. The SNX-BAR retromer mediates retrograde transport of cargo proteins from endosomes to the trans-Golgi network (TGN) and is involved in endosome-to-plasma membrane transport for cargo protein recycling. The SNX-BAR subcomplex functions to deform the donor membrane into a tubular profile called endosome-to-TGN transport carrier (ETC). Does not have in vitro vesicle-to-  [...] 
13	Q9R0H0	10090.ENSMUSP00000063325	Acox1	Peroxisomal acyl-coenzyme A oxidase 1; Catalyzes the desaturation of acyl-CoAs to 2-trans- enoyl-CoAs. Isoform 1 shows highest activity against medium-chain fatty acyl-CoAs and activity decreases with increasing chain length. Isoform 2 is active against a much broader range of substrates and shows activity towards very long-chain acyl-CoAs (By similarity)
14	Q9D868	10090.ENSMUSP00000101924	Ppih	Peptidyl-prolyl cis-trans isomerase H; PPIases accelerate the folding of proteins. It catalyzes the cis-trans isomerization of proline imidic peptide bonds in oligopeptides. Participates in pre-mRNA splicing. May play a role in the assembly of the U4/U5/U6 tri-snRNP complex, one of the building blocks of the spliceosome. May act as a chaperone (By similarity); Belongs to the cyclophilin-type PPIase family. PPIase H subfamily
15	Q6PGC1	10090.ENSMUSP00000035244	Dhx29	ATP-dependent RNA helicase DHX29; ATP-binding RNA helicase involved in translation initiation. Part of the 43S pre-initiation complex that is required for efficient initiation on mRNAs of higher eukaryotes with structured 5'-UTRs by promoting efficient NTPase-dependent 48S complex formation. Specifically binds to the 40S ribosome near the mRNA entrance. Does not possess a processive helicase activity; Belongs to the DEAD box helicase family. DEAH subfamily
16	Q9JHI7	10090.ENSMUSP00000029269	Exosc9	Exosome complex component RRP45; Non-catalytic component of the RNA exosome complex which has 3'->5' exoribonuclease activity and participates in a multitude of cellular RNA processing and degradation events. In the nucleus, the RNA exosome complex is involved in proper maturation of stable RNA species such as rRNA, snRNA and snoRNA, in the elimination of RNA processing by-products and non-coding 'pervasive' transcripts, such as antisense RNA species and promoter-upstream transcripts (PROMPTs), and of mRNAs with processing defects, thereby limiting or excluding their export to the cyto [...] 
17	Q9WU40	10090.ENSMUSP00000113103	Lemd3	Inner nuclear membrane protein man1; Can function as a specific repressor of TGF-beta, activin, and BMP signaling through its interaction with the R-SMAD proteins. Antagonizes TGF-beta-induced cell proliferation arrest (By similarity)
18	P35230	10090.ENSMUSP00000094667	Reg3b	Regenerating islet-derived protein 3-beta; Bactericidal C-type lectin which acts against several intestinal Gram-positive and Gram-negative bacteria. Lacks antibacterial activity against S.typhimurium. May play a role in protection against infection with S.enteritidis by inhibiting its translocation from the gut lumen into intestinal tissues and further extraintestinal tissues
19	Q9Z0Y2	10090.ENSMUSP00000031495	Pla2g1b	Phospholipase A2; PA2 catalyzes the calcium-dependent hydrolysis of the 2- acyl groups in 3-sn-phosphoglycerides, this releases glycerophospholipids and arachidonic acid that serve as the precursors of signal molecules; Belongs to the phospholipase A2 family
20	Q9CQY6	10090.ENSMUSP00000025045	Uqcc2	Ubiquinol-cytochrome-c reductase complex assembly factor 2; Required for the assembly of the ubiquinol-cytochrome c reductase complex (mitochondrial respiratory chain complex III or cytochrome b-c1 complex). Plays a role in the modulation of respiratory chain activities such as oxygen consumption and ATP production and via its modulation of the respiratory chain activity can regulate skeletal muscle differentiation and insulin secretion by pancreatic beta-cells. Involved in cytochrome b translation and/or stability
21	O08796	10090.ENSMUSP00000046595	Eef2k	Eukaryotic elongation factor-2 kinase; Eukaryotic elongation factor 2 kinase; Threonine kinase that regulates protein synthesis by controlling the rate of peptide chain elongation. Upon activation by a variety of upstream kinases including AMPK or TRPM7, phosphorylates the elongation factor EEF2 at a single site, renders it unable to bind ribosomes and thus inactive. In turn, the rate of protein synthesis is reduced
22	O09049	10090.ENSMUSP00000032089	Reg3g	Regenerating islet-derived protein 3-gamma; Bactericidal C-type lectin which acts exclusively against Gram-positive bacteria and mediates bacterial killing by binding to surface-exposed carbohydrate moieties of peptidoglycan. Restricts bacterial colonization of the intestinal epithelial surface and consequently limits activation of adaptive immune responses by the microbiota. The uncleaved form has bacteriostatic activity, whereas the cleaved form has bactericidal activity against L.monocytogenes and methicillin-resistant S.aureus. Regulates keratinocyte proliferation and differentiati [...] 
23	Q9CPQ1	10090.ENSMUSP00000014457	Cox6c	Cytochrome c oxidase subunit 6C; This protein is one of the nuclear-coded polypeptide chains of cytochrome c oxidase, the terminal oxidase in mitochondrial electron transport
24	Q9CQC2	10090.ENSMUSP00000025062	Clps	Colipase, pancreatic; Colipase; Colipase is a cofactor of pancreatic lipase. It allows the lipase to anchor itself to the lipid-water interface. Without colipase the enzyme is washed off by bile salts, which have an inhibitory effect on the lipase
25	P09036	10090.ENSMUSP00000025381	Spink3	Serine peptidase inhibitor, kazal type 1; Serine protease inhibitor Kazal-type 1; Serine protease inhibitor which exhibits anti-trypsin activity. In the pancreas, protects against trypsin-catalyzed premature activation of zymogens
26	Q61838	10090.ENSMUSP00000032510	Pzp	Pzp, alpha-2-macroglobulin like; Pregnancy zone protein; Is able to inhibit all four classes of proteinases by a unique 'trapping' mechanism. This protein has a peptide stretch, called the 'bait region' which contains specific cleavage sites for different proteinases. When a proteinase cleaves the bait region, a conformational change is induced in the protein which traps the proteinase. The entrapped enzyme remains active against low molecular weight substrates (activity against high molecular weight substrates is greatly reduced). Following cleavage in the bait region, a thioester bon [...] 
27	Q3UXZ9	10090.ENSMUSP00000098558	Kdm5a	[histone h3]-trimethyl-l-lysine4 demethylase; Lysine-specific demethylase 5A; Histone demethylase that specifically demethylates 'Lys- 4' of histone H3, thereby playing a central role in histone code. Does not demethylate histone H3 'Lys-9', H3 'Lys-27', H3 'Lys-36', H3 'Lys-79' or H4 'Lys-20'. Demethylates trimethylated and dimethylated but not monomethylated H3 'Lys-4'. Regulates specific gene transcription through DNA-binding on 5'-CCGCCC-3' motif. May stimulate transcription mediated by nuclear receptors. Involved in transcriptional regulation of Hox proteins during cell differenti [...] 
28	P48771	10090.ENSMUSP00000034881	Cox7a2	Cytochrome c oxidase subunit 7A2, mitochondrial; This protein is one of the nuclear-coded polypeptide chains of cytochrome c oxidase, the terminal oxidase in mitochondrial electron transport
29	Q62425	10090.ENSMUSP00000031637	Ndufa4	Nadh dehydrogenase (ubiquinone) 1 alpha subcomplex subunit 4; Cytochrome c oxidase subunit NDUFA4; Cytochrome c oxidase (COX, complex IV) is the terminal component of the mitochondrial respiratory chain that catalyzes the reduction of oxygen to water. Required for complex IV maintenance (By similarity)
30	O35969	10090.ENSMUSP00000101002	Gamt	Guanidinoacetate N-methyltransferase; Converts guanidinoacetate to creatine, using S- adenosylmethionine as the methyl donor. Important in nervous system development
31	Q8CH18	10090.ENSMUSP00000020268	Ccar1	Cell division cycle and apoptosis regulator protein 1; Associates with components of the Mediator and p160 coactivator complexes that play a role as intermediaries transducing regulatory signals from upstream transcriptional activator proteins to basal transcription machinery at the core promoter. Recruited to endogenous nuclear receptor target genes in response to the appropriate hormone. Also functions as a p53 coactivator. May thus play an important role in transcriptional regulation. May be involved in apoptosis signaling in the presence of the retinoid CD437. Apoptosis induction i [...] 
32	O88312	10090.ENSMUSP00000020898	Agr2	Anterior gradient protein 2 homolog; Required for MUC2 post-transcriptional synthesis and secretion. May play a role in the production of mucus by intestinal cells. Proto-oncogene that may play a role in cell migration, cell differentiation and cell growth (By similarity). Promotes cell adhesion (By similarity); Belongs to the AGR family
33	Q80VD1	10090.ENSMUSP00000028825	Fam98b	Family with sequence similarity 98, member b; Protein FAM98B; Positively stimulates PRMT1-induced protein arginine dimethylated arginine methylation
34	P17918	10090.ENSMUSP00000028817	Pcna	Proliferating cell nuclear antigen; Auxiliary protein of DNA polymerase delta and is involved in the control of eukaryotic DNA replication by increasing the polymerase's processibility during elongation of the leading strand. Induces a robust stimulatory effect on the 3'- 5' exonuclease and 3'-phosphodiesterase, but not apurinic- apyrimidinic (AP) endonuclease, APEX2 activities. Has to be loaded onto DNA in order to be able to stimulate APEX2. Plays a key role in DNA damage response (DDR) by being conveniently positioned at the replication fork to coordinate DNA replication with DNA re [...] 
35	Q68FL4	10090.ENSMUSP00000110897	Ahcyl2	S-adenosylhomocysteine hydrolase-like 2; Putative adenosylhomocysteinase 3; May regulate the electrogenic sodium/bicarbonate cotransporter SLC4A4 activity and Mg(2+)-sensitivity. On the contrary of its homolog AHCYL1, does not regulate ITPR1 sensitivity to inositol 1,4,5-trisphosphate
36	Q9R0M5	10090.ENSMUSP00000065631	Tpk1	Thiamin pyrophosphokinase 1; Catalyzes the phosphorylation of thiamine to thiamine pyrophosphate. Can also catalyze the phosphorylation of pyrithiamine to pyrithiamine pyrophosphate
37	P26645	10090.ENSMUSP00000090245	Marcks	Myristoylated alanine-rich C-kinase substrate; MARCKS is the most prominent cellular substrate for protein kinase C. This protein binds calmodulin, actin, and synapsin. MARCKS is a filamentous (F) actin cross-linking protein
38	P16015	10090.ENSMUSP00000029076	Car3	Carbonic anhydrase 3; Reversible hydration of carbon dioxide
39	Q810U3	10090.ENSMUSP00000092148	Nfasc	Neurofascin; Cell adhesion, ankyrin-binding protein which may be involved in neurite extension, axonal guidance, synaptogenesis, myelination and neuron-glial cell interactions; Belongs to the immunoglobulin superfamily. L1/neurofascin/NgCAM family
40	P43024	10090.ENSMUSP00000047661	Cox6a1	Cytochrome c oxidase subunit 6A1, mitochondrial; This protein is one of the nuclear-coded polypeptide chains of cytochrome c oxidase, the terminal oxidase in mitochondrial electron transport
41	P97450	10090.ENSMUSP00000023608	Atp5j	Atp synthase, h+ transporting, mitochondrial f0 complex, subunit f; ATP synthase-coupling factor 6, mitochondrial; Mitochondrial membrane ATP synthase (F(1)F(0) ATP synthase or Complex V) produces ATP from ADP in the presence of a proton gradient across the membrane which is generated by electron transport complexes of the respiratory chain. F-type ATPases consist of two structural domains, F(1) - containing the extramembraneous catalytic core and F(0) - containing the membrane proton channel, linked together by a central stalk and a peripheral stalk. During catalysis, ATP synthesis in [...] 
42	P53996	10090.ENSMUSP00000032138	Cnbp	Cellular nucleic acid-binding protein; Single-stranded DNA-binding protein, with specificity to the sterol regulatory element (SRE). Involved in sterol-mediated repression
43	P32020	10090.ENSMUSP00000030340	Scp2	Non-specific lipid-transfer protein; Mediates in vitro the transfer of all common phospholipids, cholesterol and gangliosides between membranes. May play a role in regulating steroidogenesis; In the N-terminal section; belongs to the thiolase family
44	Q08731	10090.ENSMUSP00000023906	Reg2	Regenerating islet-derived 2; Lithostathine-2; Might act as an inhibitor of spontaneous calcium carbonate precipitation
45	E9Q557	10090.ENSMUSP00000115062	Dsp	Desmoplakin; Major high molecular weight protein of desmosomes. Involved in the organization of the desmosomal cadherin- plakoglobin complexes into discrete plasma membrane domains and in the anchoring of intermediate filaments to the desmosomes; Belongs to the plakin or cytolinker family
46	P56394	10090.ENSMUSP00000054086	Cox17	Cytochrome c oxidase assembly protein 17; Copper chaperone for cytochrome c oxidase (COX). Binds two copper ions and deliver them to the Cu(A) site of COX (By similarity)
47	Q61490	10090.ENSMUSP00000023312	Alcam	CD166 antigen; Cell adhesion molecule that mediates both heterotypic cell-cell contacts via its interaction with CD6, as well as homotypic cell-cell contacts. Promotes T-cell activation and proliferation via its interactions with CD6 (By similarity). Contributes to the formation and maturation of the immunological synapse via its interactions with CD6 (By similarity). Mediates homotypic interactions with cells that express ALCAM. Mediates attachment of dendritic cells onto endothelial cells via homotypic interaction. Inhibits endothelial cell migration and promotes endothelial tube for [...] 
48	P03911	10090.ENSMUSP00000081000	mt-Nd4	NADH-ubiquinone oxidoreductase chain 4; Core subunit of the mitochondrial membrane respiratory chain NADH dehydrogenase (Complex I) that is believed to belong to the minimal assembly required for catalysis. Complex I functions in the transfer of electrons from NADH to the respiratory chain. The immediate electron acceptor for the enzyme is believed to be ubiquinone (By similarity)
49	Q07113	10090.ENSMUSP00000024599	Igf2r	Cation-independent mannose-6-phosphate receptor; Acts as a positive regulator of T-cell coactivation, by binding DPP4 (By similarity). Transport of phosphorylated lysosomal enzymes from the Golgi complex and the cell surface to lysosomes. Lysosomal enzymes bearing phosphomannosyl residues bind specifically to mannose-6-phosphate receptors in the Golgi apparatus and the resulting receptor-ligand complex is transported to an acidic prelyosomal compartment where the low pH mediates the dissociation of the complex. This receptor also binds IGF2; Belongs to the MRL1/IGF2R family
50	E9Q735	10090.ENSMUSP00000113346	Ube4a	Ubiquitin conjugation factor E4 A; Ubiquitin-protein ligase that probably functions as an E3 ligase in conjunction with specific E1 and E2 ligases. May also function as an E4 ligase mediating the assembly of polyubiquitin chains on substrates ubiquitinated by another E3 ubiquitin ligase. Mediates 'Lys-48'-linked polyubiquitination of substrates
51	P07146	10090.ENSMUSP00000065393	Prss2	Anionic trypsin-2; Protease, serine 2
52	P03899	10090.ENSMUSP00000080998	mt-Nd3	NADH-ubiquinone oxidoreductase chain 3; Core subunit of the mitochondrial membrane respiratory chain NADH dehydrogenase (Complex I) that is believed to belong to the minimal assembly required for catalysis. Complex I functions in the transfer of electrons from NADH to the respiratory chain. The immediate electron acceptor for the enzyme is believed to be ubiquinone (By similarity)
53	Q62189	10090.ENSMUSP00000079228	Snrpa	U1 small nuclear ribonucleoprotein A; Component of the spliceosomal U1 snRNP, which is essential for recognition of the pre-mRNA 5' splice-site and the subsequent assembly of the spliceosome. U1 snRNP is the first snRNP to interact with pre-mRNA. This interaction is required for the subsequent binding of U2 snRNP and the U4/U6/U5 tri-snRNP. SNRPA binds stem loop II of U1 snRNA. In a snRNP-free form (SF-A) may be involved in coupled pre-mRNA splicing and polyadenylation process. May bind preferentially to the 5'-UGCAC-3' motif on RNAs (By similarity)
54	Q08423	10090.ENSMUSP00000024831	Tff1	Trefoil factor 1; Stabilizer of the mucous gel overlying the gastrointestinal mucosa that provides a physical barrier against various noxious agents
55	Q8VCM7	10090.ENSMUSP00000037018	Fgg	Fibrinogen gamma chain; Together with fibrinogen alpha (FGA) and fibrinogen beta (FGB), polymerizes to form an insoluble fibrin matrix (By similarity). Fibrin has a major function in hemostasis as one of the primary components of blood clots (By similarity). In addition, functions during the early stages of wound repair to stabilize the lesion and guide cell migration during re- epithelialization (By similarity). Was originally thought to be essential for platelet aggregation, based on in vitro studies using anticoagulated blood. However, subsequent studies have shown that it is not ab [...] 
56	P05208	10090.ENSMUSP00000099539	Cela2a	Chymotrypsin-like elastase family member 2A; Acts upon elastin; Belongs to the peptidase S1 family. Elastase subfamily
57	O88329	10090.ENSMUSP00000078540	Myo1a	Unconventional myosin-Ia; Involved in directing the movement of organelles along actin filaments
58	Q91Y97	10090.ENSMUSP00000029987	Aldob	Fructose-bisphosphate aldolase, class i; Aldolase B, fructose-bisphosphate
59	P10493	10090.ENSMUSP00000005532	Nid1	Nidogen (entactin); Nidogen-1; Sulfated glycoprotein widely distributed in basement membranes and tightly associated with laminin. Also binds to collagen IV and perlecan. It probably has a role in cell- extracellular matrix interactions
60	P10711	10090.ENSMUSP00000129157	Tcea1	Transcription elongation factor A protein 1; Necessary for efficient RNA polymerase II transcription elongation past template-encoded arresting sites. The arresting sites in DNA have the property of trapping a certain fraction of elongating RNA polymerases that pass through, resulting in locked ternary complexes. Cleavage of the nascent transcript by S-II allows the resumption of elongation from the new 3'-terminus
61	Q3TC72	10090.ENSMUSP00000028848	Fahd2a	Fumarylacetoacetate hydrolase domain-containing protein 2A; May have hydrolase activity
62	Q8VD00	10090.ENSMUSP00000099532	Tmem97	Sigma intracellular receptor 2; Intracellular orphan receptor that binds numerous drugs and which is highly expressed in various proliferating cells. Corresponds to the sigma-2 receptor, which is thought to play important role in regulating cell survival, morphology and differentiation. May play a role as a regulator of cellular cholesterol homeostasis. May function as sterol isomerase. May alter the activity of some cytochrome P450 proteins
63	P47964	10090.ENSMUSP00000079340	Rpl36	Large subunit ribosomal protein l36e; Component of the large ribosomal subunit
64	P00687	10090.ENSMUSP00000070368	Amy1	Amylase 1, salivary
65	P04104	10090.ENSMUSP00000023790	Krt1	Keratin, type II cytoskeletal 1; May regulate the activity of kinases such as PKC and SRC via binding to integrin beta-1 (ITB1) and the receptor of activated protein C kinase 1 (RACK1). In complex with C1QBP is a high affinity receptor for kininogen-1/HMWK (By similarity); Belongs to the intermediate filament family
66	P15947	10090.ENSMUSP00000074659	Klk1	Tissue kallikrein; Kallikrein-1; Glandular kallikreins cleave Met-Lys and Arg-Ser bonds in kininogen to release Lys-bradykinin
67	Q91X79	10090.ENSMUSP00000023775	Cela1	Chymotrypsin-like elastase family member 1; Acts upon elastin; Belongs to the peptidase S1 family. Elastase subfamily
68	Q91VX2	10090.ENSMUSP00000030143	Ubap2	Ubiquitin-associated protein 2
69	Q8BU33	10090.ENSMUSP00000101023	Ilvbl	Acetolactate synthase-like protein; ilvB (bacterial acetolactate synthase)-like; Belongs to the TPP enzyme family
70	Q62468	10090.ENSMUSP00000027366	Vil1	Villin-1; Epithelial cell-specific Ca(2+)-regulated actin- modifying protein that modulates the reorganization of microvillar actin filaments. Plays a role in the actin nucleation, actin filament bundle assembly, actin filament capping and severing. Binds phosphatidylinositol 4,5-bisphosphate (PIP2) and lysophosphatidic acid (LPA); binds LPA with higher affinity than PIP2. Binding to LPA increases its phosphorylation by SRC and inhibits all actin-modifying activities. Binding to PIP2 inhibits actin-capping and -severing activities but enhances actin-bundling activity. Regulates the int [...] 
71	P20918	10090.ENSMUSP00000014578	Plg	Plasminogen; Plasmin dissolves the fibrin of blood clots and acts as a proteolytic factor in a variety of other processes including embryonic development, tissue remodeling, tumor invasion, and inflammation. In ovulation, weakens the walls of the Graafian follicle. It activates the urokinase-type plasminogen activator, collagenases and several complement zymogens, such as C1 and C5. Cleavage of fibronectin and laminin leads to cell detachment and apoptosis. Also cleaves fibrin, thrombospondin and von Willebrand factor. Its role in tissue remodeling and tumor invasion may be modulated b [...] 
72	Q9Z1P6	10090.ENSMUSP00000039692	Ndufa7	NADH dehydrogenase [ubiquinone] 1 alpha subcomplex subunit 7; Accessory subunit of the mitochondrial membrane respiratory chain NADH dehydrogenase (Complex I), that is believed not to be involved in catalysis. Complex I functions in the transfer of electrons from NADH to the respiratory chain. The immediate electron acceptor for the enzyme is believed to be ubiquinone
73	Q9Z1G3	10090.ENSMUSP00000022904	Atp6v1c1	Atpase, h+ transporting, lysosomal v1 subunit c1; V-type proton ATPase subunit C 1; Subunit of the peripheral V1 complex of vacuolar ATPase. Subunit C is necessary for the assembly of the catalytic sector of the enzyme and is likely to have a specific function in its catalytic activity. V-ATPase is responsible for acidifying a variety of intracellular compartments in eukaryotic cells
74	Q6ZWY8	10090.ENSMUSP00000109683	Tmsb10	Thymosin, beta 10; Plays an important role in the organization of the cytoskeleton. Binds to and sequesters actin monomers (G actin) and therefore inhibits actin polymerization (By similarity)
75	P62849	10090.ENSMUSP00000125977	Rps24	Small subunit ribosomal protein s24e; 40S ribosomal protein S24; Required for processing of pre-rRNA and maturation of 40S ribosomal subunits
76	O88851	10090.ENSMUSP00000028915	Rbbp9	Retinoblastoma binding protein 9, serine hydrolase; Putative hydrolase RBBP9; May play a role in the transformation process due to its capacity to confer resistance to the growth-inhibitory effects of TGF-beta1 through interaction with retinoblastoma and the subsequent displacement of E2F-1
77	Q64310	10090.ENSMUSP00000015011	Surf4	Surfeit locus protein 4; May play a role in the maintenance of the architecture of the endoplasmic reticulum-Golgi intermediate compartment and of the Golgi; Belongs to the SURF4 family
78	Q60997	10090.ENSMUSP00000081556	Dmbt1	Deleted in malignant brain tumors 1 protein; May play roles in mucosal defense system and cellular immune defense. May play a role in liver regeneration. May be an important factor in fate decision and differentiation of transit-amplifying ductular (oval) cells within the hepatic lineage. May function as a binding protein in saliva for the regulation of taste sensation. May play a role as an opsonin receptor for SFTPD and SPAR in macrophage tissues throughout the body, including epithelial cells lining the gastrointestinal tract (By similarity). Required for terminal differentiation of [...] 
79	P17710	10090.ENSMUSP00000097282	Hk1	Hexokinase-1; Hexokinase 1; Belongs to the hexokinase family
80	Q9JLV1	10090.ENSMUSP00000033136	Bag3	BAG family molecular chaperone regulator 3; Co-chaperone for HSP70 and HSC70 chaperone proteins. Acts as a nucleotide-exchange factor (NEF) promoting the release of ADP from the HSP70 and HSC70 proteins thereby triggering client/substrate protein release. Nucleotide release is mediated via its binding to the nucleotide-binding domain (NBD) of HSPA8/HSC70 where as the substrate release is mediated via its binding to the substrate-binding domain (SBD) of HSPA8/HSC70. Has anti-apoptotic activity. Plays a role in the HSF1 nucleocytoplasmic transport
81	Q9CWS0	10090.ENSMUSP00000029845	Ddah1	N(G),N(G)-dimethylarginine dimethylaminohydrolase 1; Hydrolyzes N(G),N(G)-dimethyl-L-arginine (ADMA) and N(G)-monomethyl-L-arginine (MMA) which act as inhibitors of NOS. Has therefore a role in the regulation of nitric oxide generation; Belongs to the DDAH family
82	P48428	10090.ENSMUSP00000038781	Tbca	Tubulin-specific chaperone A; Tubulin-folding protein; involved in the early step of the tubulin folding pathway; Belongs to the TBCA family
83	Q06185	10090.ENSMUSP00000051222	Atp5k	Atp synthase, h+ transporting, mitochondrial f1f0 complex, subunit e; ATP synthase subunit e, mitochondrial; Mitochondrial membrane ATP synthase (F(1)F(0) ATP synthase or Complex V) produces ATP from ADP in the presence of a proton gradient across the membrane which is generated by electron transport complexes of the respiratory chain. F-type ATPases consist of two structural domains, F(1) - containing the extramembraneous catalytic core, and F(0) - containing the membrane proton channel, linked together by a central stalk and a peripheral stalk. During catalysis, ATP synthesis in the  [...] 
84	E9PV24	10090.ENSMUSP00000133117	Fga	Fibrinogen alpha chain; Cleaved by the protease thrombin to yield monomers which, together with fibrinogen beta (FGB) and fibrinogen gamma (FGG), polymerize to form an insoluble fibrin matrix. Fibrin has a major function in hemostasis as one of the primary components of blood clots. In addition, functions during the early stages of wound repair to stabilize the lesion and guide cell migration during re-epithelialization. Was originally thought to be essential for platelet aggregation, based on in vitro studies using anticoagulated blood. However, subsequent studies have shown that it i [...] 
85	P47226	10090.ENSMUSP00000111127	Tes	Testis derived transcript; Scaffold protein that may play a role in cell adhesion, cell spreading and in the reorganization of the actin cytoskeleton. Plays a role in the regulation of cell proliferation. May act as a tumor suppressor (By similarity)
86	Q78XF5	10090.ENSMUSP00000046480	Ostc	Oligosaccharyltransferase complex subunit OSTC; May act as substrate-specific component of the N- oligosaccharyl transferase (OST) complex which catalyzes the transfer of a high mannose oligosaccharide from a lipid-linked oligosaccharide donor to an asparagine residue within an Asn-X- Ser/Thr consensus motif in nascent polypeptide chains. May be involved in N-glycosylation of APP (amyloid-beta precursor protein). Can modulate gamma-secretase cleavage of APP by enhancing endoprotelysis of PSEN1; Belongs to the OSTC family
87	P61514	10090.ENSMUSP00000058919	Rpl37a	Large subunit ribosomal protein l37ae; Ribosomal protein L37a; Belongs to the eukaryotic ribosomal protein eL43 family
88	Q9QZH3	10090.ENSMUSP00000030404	Ppie	Peptidyl-prolyl cis-trans isomerase E; PPIases accelerate the folding of proteins. It catalyzes the cis-trans isomerization of proline imidic peptide bonds in oligopeptides. Combines RNA-binding and PPIase activities. May be involved in pre-mRNA splicing (By similarity); Belongs to the cyclophilin-type PPIase family. PPIase E subfamily
89	Q8K0E8	10090.ENSMUSP00000039472	Fgb	Fibrinogen beta chain; Cleaved by the protease thrombin to yield monomers which, together with fibrinogen alpha (FGA) and fibrinogen gamma (FGG), polymerize to form an insoluble fibrin matrix. Fibrin has a major function in hemostasis as one of the primary components of blood clots. In addition, functions during the early stages of wound repair to stabilize the lesion and guide cell migration during re-epithelialization. Was originally thought to be essential for platelet aggregation, based on in vitro studies using anticoagulated blood. However, subsequent studies have shown that it i [...] 
90	Q921T2	10090.ENSMUSP00000027738	Tor1aip1	Torsin-1A-interacting protein 1; Required for nuclear membrane integrity. Induces TOR1A and TOR1B ATPase activity and is required for their location on the nuclear membrane. Binds to A- and B-type lamins. Possible role in membrane attachment and assembly of the nuclear lamina
91	Q5EBG6	10090.ENSMUSP00000039172	Hspb6	Heat shock protein, alpha-crystallin-related, b6; Heat shock protein beta-6; Small heat shock protein which functions as a molecular chaperone probably maintaining denatured proteins in a folding- competent state. Seems to have versatile functions in various biological processes. Plays a role in regulating muscle function such as smooth muscle vasorelaxation and cardiac myocyte contractility. May regulate myocardial angiogenesis implicating KDR. Overexpression mediates cardioprotection and angiogenesis after induced damage. Stabilizes monomeric YWHAZ thereby supporting YWHAZ chaperone- [...] 
92	Q9D6K8	10090.ENSMUSP00000033541	Fundc2	FUN14 domain-containing protein 2; FUN14 domain containing 2; Belongs to the FUN14 family
93	P55095	10090.ENSMUSP00000099794	Gcg	Glucagon; Glicentin may modulate gastric acid secretion and gastro-pyloro-duodenal activity
94	P26339	10090.ENSMUSP00000021610	Chga	Chromogranin-A; Pancreastatin: Strongly inhibits glucose induced insulin release from the pancreas; Belongs to the chromogranin/secretogranin protein family
95	P61021	10090.ENSMUSP00000000727	Rab5b	RAB5B, member RAS oncogene family; Ras-related protein Rab-5B; Protein transport. Probably involved in vesicular traffic (By similarity)
96	Q9D8U2	10090.ENSMUSP00000023562	Tmem41a	Transmembrane protein 41a; Belongs to the TMEM41 family
97	Q8K0S2	10090.ENSMUSP00000058182	Erich5	Glutamate-rich protein 5; Glutamate rich 5
98	Q9CQ52	10090.ENSMUSP00000099581	Cela3b	Chymotrypsin-like elastase family member 3B; Efficient protease with alanine specificity but only little elastolytic activity
99	Q8VDK1	10090.ENSMUSP00000106926	Nit1	Deaminated glutathione amidase; Catalyzes the hydrolysation of the amide bond in N-(4- oxoglutarate)-L-cysteinylglycine (deaminated glutathione), a metabolite repair reaction to dispose of the harmful deaminated glutathione. Plays a role in cell growth and apoptosis: loss of expression promotes cell growth, resistance to DNA damage stress and increased incidence to NMBA-induced tumors. Has tumor suppressor properties that enhances the apoptotic responsiveness in cancer cells; this effect is additive to the tumor suppressor activity of FHIT. It is also a negative regulator of primary T- cells
100	Q6P8H8	10090.ENSMUSP00000095901	Alg8	Probable dolichyl pyrophosphate Glc1Man9GlcNAc2 alpha-1,3-glucosyltransferase; Adds the second glucose residue to the lipid-linked oligosaccharide precursor for N-linked glycosylation. Transfers glucose from dolichyl phosphate glucose (Dol-P-Glc) onto the lipid-linked oligosaccharide Glc(1)Man(9)GlcNAc(2)-PP-Dol (By similarity); Belongs to the ALG6/ALG8 glucosyltransferase family
101	P31428	10090.ENSMUSP00000019422	Dpep1	Dipeptidase 1; Hydrolyzes a wide range of dipeptides. Implicated in the renal metabolism of glutathione and its conjugates. Converts leukotriene D4 to leukotriene E4; it may play an important role in the regulation of leukotriene activity
102	Q64285	10090.ENSMUSP00000028161	Cel	Bile salt-activated lipase; Catalyzes fat and vitamin absorption. Acts in concert with pancreatic lipase and colipase for the complete digestion of dietary triglycerides (By similarity); Belongs to the type-B carboxylesterase/lipase family
103	Q9EP72	10090.ENSMUSP00000068610	Emc7	ER membrane protein complex subunit 7; Belongs to the EMC7 family
104	P28843	10090.ENSMUSP00000044050	Dpp4	Dipeptidyl-peptidase 4; Dipeptidyl peptidase 4; Cell surface glycoprotein receptor involved in the costimulatory signal essential for T-cell receptor (TCR)-mediated T-cell activation. Acts as a positive regulator of T-cell coactivation, by binding at least ADA, CAV1, IGF2R, and PTPRC. Its binding to CAV1 and CARD11 induces T-cell proliferation and NF- kappa-B activation in a T-cell receptor/CD3-dependent manner. Its interaction with ADA also regulates lymphocyte-epithelial cell adhesion. In association with FAP is involved in the pericellular proteolysis of the extracellular matrix (EC [...] 
105	P84228	10090.ENSMUSP00000074994	Hist1h3f	H3 clustered histone 6; Core component of nucleosome. Nucleosomes wrap and compact DNA into chromatin, limiting DNA accessibility to the cellular machineries which require DNA as a template. Histones thereby play a central role in transcription regulation, DNA repair, DNA replication and chromosomal stability. DNA accessibility is regulated via a complex set of post-translational modifications of histones, also called histone code, and nucleosome remodeling
106	Q9CR35	10090.ENSMUSP00000034435	Ctrb1	Chymotrypsinogen B1; Belongs to the peptidase S1 family
107	O08807	10090.ENSMUSP00000026328	Prdx4	Peroxiredoxin 2/4; Peroxiredoxin-4; Thiol-specific peroxidase that catalyzes the reduction of hydrogen peroxide and organic hydroperoxides to water and alcohols, respectively. Plays a role in cell protection against oxidative stress by detoxifying peroxides and as sensor of hydrogen peroxide-mediated signaling events. Regulates the activation of NF-kappa-B in the cytosol by a modulation of I-kappa-B-alpha phosphorylation (By similarity)
108	Q8CG72	10090.ENSMUSP00000099677	Adprhl2	Poly(ADP-ribose) glycohydrolase ARH3; Poly(ADP-ribose) synthesized after DNA damage is only present transiently and is rapidly degraded by poly(ADP-ribose) glycohydrolase. Poly(ADP-ribose) metabolism may be required for maintenance of the normal function of neuronal cells. Generates ADP-ribose from poly-(ADP-ribose), but does not hydrolyze ADP- ribose-arginine, -cysteine, -diphthamide, or -asparagine bonds. Due to catalytic inactivity of PARG mitochondrial isoforms, ARH3 is the only PAR hydrolyzing enzyme in mitochondria (By similarity)
109	Q9JHU9	10090.ENSMUSP00000019283	Isyna1	Myo-inositol 1-phosphate synthase a1; Inositol-3-phosphate synthase 1; Key enzyme in myo-inositol biosynthesis pathway that catalyzes the conversion of glucose 6-phosphate to 1-myo-inositol 1-phosphate in a NAD-dependent manner. Rate-limiting enzyme in the synthesis of all inositol-containing compounds (By similarity)
110	Q8VCH8	10090.ENSMUSP00000027592	Ubxn4	Ubx domain-containing protein 1/4; UBX domain-containing protein 4; Involved in endoplasmic reticulum-associated protein degradation (ERAD). Acts as a platform to recruit both UBQLN1 and VCP to the ER during ERAD
111	Q91X72	10090.ENSMUSP00000033185	Hpx	Hemopexin; Binds heme and transports it to the liver for breakdown and iron recovery, after which the free hemopexin returns to the circulation
112	P84102	10090.ENSMUSP00000123181	Serf2	Small EDRK-rich factor 2; Belongs to the SERF family
113	P01831	10090.ENSMUSP00000110489	Thy1	Thymus cell antigen 1, theta; Thy-1 membrane glycoprotein; May play a role in cell-cell or cell-ligand interactions during synaptogenesis and other events in the brain
114	Q7TPZ8	10090.ENSMUSP00000031806	Cpa1	Carboxypeptidase a1, pancreatic; Carboxypeptidase A1; Carboxypeptidase that catalyzes the release of a C- terminal amino acid, but has little or no action with -Asp, -Glu, -Arg, -Lys or -Pro
115	Q922J3	10090.ENSMUSP00000107192	Clip1	CAP-Gly domain-containing linker protein 1; Binds to the plus end of microtubules and regulates the dynamics of the microtubule cytoskeleton. Promotes microtubule growth and microtubule bundling. Links cytoplasmic vesicles to microtubules and thereby plays an important role in intracellular vesicle trafficking. Plays a role macropinocytosis and endosome trafficking
116	Q9CZ42	10090.ENSMUSP00000033901	Carkd	ATP-dependent (S)-NAD(P)H-hydrate dehydratase; Catalyzes the dehydration of the S-form of NAD(P)HX at the expense of ATP, which is converted to ADP. Together with NAD(P)HX epimerase, which catalyzes the epimerization of the S- and R-forms, the enzyme allows the repair of both epimers of NAD(P)HX, a damaged form of NAD(P)H that is a result of enzymatic or heat-dependent hydration
117	Q9D855	10090.ENSMUSP00000021993	Uqcrb	Ubiquinol-cytochrome c reductase binding protein; Component of the ubiquinol-cytochrome c oxidoreductase, a multisubunit transmembrane complex that is part of the mitochondrial electron transport chain which drives oxidative phosphorylation. The respiratory chain contains 3 multisubunit complexes succinate dehydrogenase (complex II, CII), ubiquinol-cytochrome c oxidoreductase (cytochrome b-c1 complex, complex III, CIII) and cytochrome c oxidase (complex IV, CIV), that cooperate to transfer electrons derived from NADH and succinate to molecular oxygen, creating an electrochemical gradie [...] 
118	Q9JI78	10090.ENSMUSP00000022310	Ngly1	Peptide-N(4)-(N-acetyl-beta-glucosaminyl)asparagine amidase; Specifically deglycosylates the denatured form of N- linked glycoproteins in the cytoplasm and assists their proteasome-mediated degradation. Cleaves the beta-aspartyl- glucosamine (GlcNAc) of the glycan and the amide side chain of Asn, converting Asn to Asp. Prefers proteins containing high- mannose over those bearing complex type oligosaccharides. Can recognize misfolded proteins in the endoplasmic reticulum that are exported to the cytosol to be destroyed and deglycosylate them, while it has no activity toward native prote [...] 
119	Q3UYV9	10090.ENSMUSP00000030014	Ncbp1	Nuclear cap-binding protein subunit 1; Component of the cap-binding complex (CBC), which binds cotranscriptionally to the 5'-cap of pre-mRNAs and is involved in various processes such as pre-mRNA splicing, translation regulation, nonsense-mediated mRNA decay, RNA-mediated gene silencing (RNAi) by microRNAs (miRNAs) and mRNA export. The CBC complex is involved in mRNA export from the nucleus via its interaction with ALYREF/THOC4/ALY, leading to the recruitment of the mRNA export machinery to the 5'-end of mRNA and to mRNA export in a 5' to 3' direction through the nuclear pore. The CBC  [...] 
120	Q5BKQ4	10090.ENSMUSP00000045465	Pnliprp1	Inactive pancreatic lipase-related protein 1; May function as inhibitor of dietary triglyceride digestion. Lacks detectable lipase activity (in vitro) (By similarity)
121	O55135	10090.ENSMUSP00000029142	Eif6	Eukaryotic translation initiation factor 6; Binds to the 60S ribosomal subunit and prevents its association with the 40S ribosomal subunit to form the 80S initiation complex in the cytoplasm. Behaves as a stimulatory translation initiation factor downstream insulin/growth factors. Is also involved in ribosome biogenesis. Associates with pre-60S subunits in the nucleus and is involved in its nuclear export. Cytoplasmic release of TIF6 from 60S subunits and nuclear relocalization is promoted by a RACK1 (RACK1)-dependent protein kinase C activity. In tissues responsive to insulin, control [...] 
122	Q9QZJ6	10090.ENSMUSP00000122863	Mfap5	Microfibrillar-associated protein 5; May play a role in hematopoiesis. In the cardiovascular system, could regulate growth factors or participate in cell signaling in maintaining large vessel integrity. Component of the elastin-associated microfibrils (By similarity)
123	Q6P4T2	10090.ENSMUSP00000099509	Snrnp200	U5 small nuclear ribonucleoprotein 200 kDa helicase; RNA helicase that plays an essential role in pre-mRNA splicing as component of the U5 snRNP and U4/U6-U5 tri-snRNP complexes. Involved in spliceosome assembly, activation and disassembly. Mediates changes in the dynamic network of RNA-RNA interactions in the spliceosome. Catalyzes the ATP-dependent unwinding of U4/U6 RNA duplices, an essential step in the assembly of a catalytically active spliceosome (By similarity)
124	Q64442	10090.ENSMUSP00000106180	Sord	L-iditol 2-dehydrogenase; Sorbitol dehydrogenase; Converts sorbitol to fructose. Part of the polyol pathway that plays an important role in sperm physiology. May play a role in the sperm motility by providing an energetic source for sperm
125	P01326	10090.ENSMUSP00000101553	Ins2	Insulin ii; Insulin-2; Insulin decreases blood glucose concentration. It increases cell permeability to monosaccharides, amino acids and fatty acids. It accelerates glycolysis, the pentose phosphate cycle, and glycogen synthesis in liver
126	Q9CQI6	10090.ENSMUSP00000034285	Cotl1	Coactosin-like 1 (dictyostelium); Coactosin-like protein; Binds to F-actin in a calcium-independent manner. Has no direct effect on actin depolymerization. Acts as a chaperone for ALOX5 (5LO), influencing both its stability and activity in leukotrienes synthesis (By similarity)
127	P35235	10090.ENSMUSP00000098333	Ptpn11	Tyrosine-protein phosphatase non-receptor type 11; Acts downstream of various receptor and cytoplasmic protein tyrosine kinases to participate in the signal transduction from the cell surface to the nucleus. Positively regulates MAPK signal transduction pathway. Dephosphorylates GAB1, ARHGAP35 and EGFR. Dephosphorylates ROCK2 at 'Tyr-722' resulting in stimulatation of its RhoA binding activity. Dephosphorylates CDC73
129	O70370	10090.ENSMUSP00000015667	Ctss	Cathepsin S; Thiol protease. Key protease responsible for the removal of the invariant chain from MHC class II molecules. The bond- specificity of this proteinase is in part similar to the specificities of cathepsin L and cathepsin N; Belongs to the peptidase C1 family
130	Q91VW3	10090.ENSMUSP00000030651	Sh3bgrl3	SH3 domain-binding glutamic acid-rich-like protein 3; Could act as a modulator of glutaredoxin biological activity
131	Q01147	10090.ENSMUSP00000140112	Creb1	Cyclic AMP-responsive element-binding protein 1; Phosphorylation-dependent transcription factor that stimulates transcription upon binding to the DNA cAMP response element (CRE), a sequence present in many viral and cellular promoters. Transcription activation is enhanced by the TORC coactivators which act independently of Ser-133 phosphorylation. Involved in different cellular processes including the synchronization of circadian rhythmicity and the differentiation of adipose cells; Belongs to the bZIP family
132	Q6A009	10090.ENSMUSP00000038775	Ltn1	E3 ubiquitin-protein ligase listerin; E3 ubiquitin-protein ligase. Component of the ribosome quality control complex (RQC), a ribosome- associated complex that mediates ubiquitination and extraction of incompletely synthesized nascent chains for proteasomal degradation (By similarity). Ubiquitination leads to Vcp/p97 recruitment for extraction and degradation of the incomplete translation product (By similarity); Belongs to the LTN1 family
133	Q62048	10090.ENSMUSP00000013842	Pea15a	Phosphoprotein enriched in astrocytes 15a; Astrocytic phosphoprotein PEA-15; Blocks Ras-mediated inhibition of integrin activation and modulates the ERK MAP kinase cascade. Inhibits RPS6KA3 activities by retaining it in the cytoplasm. Inhibits both TNFRSF6- and TNFRSF1A-mediated CASP8 activity and apoptosis. Regulates glucose transport by controlling both the content of SLC2A1 glucose transporters on the plasma membrane and the insulin-dependent trafficking of SLC2A4 from the cell interior to the surface (By similarity)
134	P14069	10090.ENSMUSP00000001051	S100a6	Protein S100-A6; May function as calcium sensor and modulator, contributing to cellular calcium signaling. May function by interacting with other proteins, such as TPR-containing proteins, and indirectly play a role in many physiological processes such as the reorganization of the actin cytoskeleton and in cell motility. Binds 2 calcium ions. Calcium binding is cooperative (By similarity); Belongs to the S-100 family
135	O09037	10090.ENSMUSP00000098829	Reg3a	Regenerating islet-derived protein 3-alpha; Bactericidal C-type lectin (By similarity). Regulates keratinocyte proliferation and differentiation after skin injury via activation of EXTL3-PI3K-AKT signaling pathway
136	Q8VC31	10090.ENSMUSP00000114088	Ccdc9	Coiled-coil domain-containing protein 9; Coiled-coil domain containing 9
137	Q6A0A9	10090.ENSMUSP00000053877	Fam120a	Constitutive coactivator of PPAR-gamma-like protein 1; Critical component of the oxidative stress-induced survival signaling. Activates src family kinases and acts as a scaffolding protein enabling src family kinases to phosphorylate and activate PI3-kinase. Binds RNA and promotes the secretion of IGF-II (By similarity). May participate in mRNA transport in the cytoplasm
138	Q8BG07	10090.ENSMUSP00000067002	Pld4	Phospholipase D family, member 4
139	Q9CQF4	10090.ENSMUSP00000019932	Mtres1	Mitochondrial transcription rescue factor 1; Uncharacterized protein C6orf203 homolog; RIKEN cDNA 1700021F05 gene
140	Q8CGN5	10090.ENSMUSP00000032762	Plin1	Perilipin-1; Modulator of adipocyte lipid metabolism. Coats lipid storage droplets to protect them from breakdown by hormone- sensitive lipase (HSL). Its absence may result in leanness (By similarity). Plays a role in unilocular lipid droplet formation by activating CIDEC. Their interaction promotes lipid droplet enlargement and directional net neutral lipid transfer. May modulate lipolysis and triglyceride levels
141	Q6NZN0	10090.ENSMUSP00000097901	Rbm26	RNA binding motif protein 26
142	P99028	10090.ENSMUSP00000077744	Uqcrh	Cytochrome b-c1 complex subunit 6, mitochondrial; This is a component of the ubiquinol-cytochrome c reductase complex (complex III or cytochrome b-c1 complex), which is part of the mitochondrial respiratory chain. This protein may mediate formation of the complex between cytochromes c and c1 (By similarity)
143	Q9CY45	10090.ENSMUSP00000022518	N6amt2	EEF1A lysine methyltransferase 1; Protein-lysine methyltransferase that selectively catalyzes the trimethylation of EEF1A at 'Lys-79'
144	Q99J09	10090.ENSMUSP00000010278	Wdr77	Methylosome protein 50; Non-catalytic component of the 20S PRMT5-containing methyltransferase complex, which modifies specific arginines to dimethylarginines in several spliceosomal Sm proteins and histones. This modification targets Sm proteins to the survival of motor neurons (SMN) complex for assembly into small nuclear ribonucleoprotein core particles. Might play a role in transcription regulation (By similarity). The 20S PRMT5-containing methyltransferase complex also methylates the Piwi proteins (PIWIL1, PIWIL2 and PIWIL4), methylation of Piwi proteins being required for the inte [...] 
145	Q91WT8	10090.ENSMUSP00000092349	Rbm47	RNA binding motif protein 47; Belongs to the RRM RBM47 family
146	Q8BK48	10090.ENSMUSP00000034355	Ces2e	Pyrethroid hydrolase Ces2e; Carboxylesterase that catalyzes the hydrolysis of pyrethroids pesticides. Hydrolyzes trans-permethrin at a rate about 22-fold higher than cis-permethrin. Also hydrolyzes trans- cypermethrin
147	Q91ZJ5	10090.ENSMUSP00000099939	Ugp2	UTP--glucose-1-phosphate uridylyltransferase; Plays a central role as a glucosyl donor in cellular metabolic pathways
148	Q8JZR0	10090.ENSMUSP00000046585	Acsl5	Acyl-coa synthetase long-chain family member 5; Long-chain-fatty-acid--CoA ligase 5; Acyl-CoA synthetases (ACSL) activates long-chain fatty acids for both synthesis of cellular lipids, and degradation via beta-oxidation. ACSL5 may activate fatty acids from exogenous sources for the synthesis of triacylglycerol destined for intracellular storage (By similarity). It was suggested that it may also stimulate fatty acid oxidation (By similarity). At the villus tip of the crypt-villus axis of the small intestine may sensitize epithelial cells to apoptosis specifically triggered by the death  [...] 
149	Q8VI36	10090.ENSMUSP00000083709	Pxn	Paxillin; Cytoskeletal protein involved in actin-membrane attachment at sites of cell adhesion to the extracellular matrix (focal adhesion); Belongs to the paxillin family
150	Q62186	10090.ENSMUSP00000002090	Ssr4	Translocon-associated protein subunit delta; TRAP proteins are part of a complex whose function is to bind calcium to the ER membrane and thereby regulate the retention of ER resident proteins
151	Q8BIQ5	10090.ENSMUSP00000033609	Cstf2	Cleavage stimulation factor, 3' pre-rna subunit 2; Cleavage stimulation factor subunit 2; One of the multiple factors required for polyadenylation and 3'-end cleavage of mammalian pre-mRNAs. This subunit is directly involved in the binding to pre-mRNAs (By similarity)
152	Q8VCZ6	10090.ENSMUSP00000043311	Sgsm3	Small G protein signaling modulator 3; May play a cooperative role in NF2-mediated growth suppression of cells
153	P97478	10090.ENSMUSP00000032887	Coq7	5-demethoxyubiquinone hydroxylase, mitochondrial; Catalyzes the hydroxylation of 2-polyprenyl-3-methyl-6- methoxy-1,4-benzoquinol (DMQH2) during ubiquinone biosynthesis. Has also a structural role in the COQ enzyme complex, stabilizing other COQ polypeptides (By similarity). Involved in lifespan determination in a ubiquinone-independent manner; Belongs to the COQ7 family
154	Q9DBG1	10090.ENSMUSP00000027356	Cyp27a1	Sterol 26-hydroxylase, mitochondrial; Catalyzes the first step in the oxidation of the side chain of sterol intermediates; the 27-hydroxylation of 5-beta- cholestane-3-alpha,7-alpha,12-alpha-triol. Has also a vitamin D3- 25-hydroxylase activity; Belongs to the cytochrome P450 family
155	P61967	10090.ENSMUSP00000106709	Ap1s1	AP-1 complex subunit sigma-1A; Subunit of clathrin-associated adaptor protein complex 1 that plays a role in protein sorting in the late-Golgi/trans-Golgi network (TGN) and/or endosomes. The AP complexes mediate both the recruitment of clathrin to membranes and the recognition of sorting signals within the cytosolic tails of transmembrane cargo molecules
156	P70412	10090.ENSMUSP00000037168	Cuzd1	Cub and zona pellucida-like domains 1; CUZD1 antiserum inhibits cell attachment and proliferation of ovarian cancer cells so may be involved in these processes (By similarity). May also play a role in the uterus during late pregnancy and/or in trypsin activation in pancreatic acinar cells
157	P60605	10090.ENSMUSP00000133515	Ube2g2	Ubiquitin-conjugating enzyme E2 G2; Accepts ubiquitin from the E1 complex and catalyzes its covalent attachment to other proteins. In vitro catalyzes 'Lys- 48'-linked polyubiquitination. Involved in endoplasmic reticulum- associated degradation (ERAD); Belongs to the ubiquitin-conjugating enzyme family
158	Q9DBG6	10090.ENSMUSP00000112081	Rpn2	Dolichyl-diphosphooligosaccharide--protein glycosyltransferase subunit 2; Essential subunit of the N-oligosaccharyl transferase (OST) complex which catalyzes the transfer of a high mannose oligosaccharide from a lipid-linked oligosaccharide donor to an asparagine residue within an Asn-X-Ser/Thr consensus motif in nascent polypeptide chains; Belongs to the SWP1 family
159	Q921N6	10090.ENSMUSP00000018143	Ddx27	Probable ATP-dependent RNA helicase DDX27; Probable ATP-dependent RNA helicase. Component of the nucleolar ribosomal RNA (rRNA) processing machinery that regulates 3' end formation of ribosomal 47S rRNA; Belongs to the DEAD box helicase family. DDX27/DRS1 subfamily
160	Q9Z0X1	10090.ENSMUSP00000041104	Aifm1	Apoptosis-inducing factor, mitochondrion-associated 1; Apoptosis-inducing factor 1, mitochondrial; Functions both as NADH oxidoreductase and as regulator of apoptosis. In response to apoptotic stimuli, it is released from the mitochondrion intermembrane space into the cytosol and to the nucleus, where it functions as a proapoptotic factor in a caspase-independent pathway. In contrast, functions as an antiapoptotic factor in normal mitochondria via its NADH oxidoreductase activity. The soluble form (AIFsol) found in the nucleus induces 'parthanatos' i.e. caspase-independent fragmentatio [...] 
161	Q60664	10090.ENSMUSP00000032396	Lrmp	Lymphoid-restricted membrane protein; Plays a role in the delivery of peptides to major histocompatibility complex (MHC) class I molecules; this occurs in a transporter associated with antigen processing (TAP)-independent manner. May play a role in taste signal transduction via ITPR3. May play a role during fertilization in pronucleus congression and fusion
162	P09602	10090.ENSMUSP00000075031	Gm10282	High-mobility group nucleosome-binding domain-containing protein 2; Binds to the inner side of the nucleosomal DNA thus altering the interaction between the DNA and the histone octamer. May be involved in the process which maintains transcribable genes in a unique chromatin conformation (By similarity)
163	O88630	10090.ENSMUSP00000010536	Gosr1	Golgi SNAP receptor complex member 1; Involved in transport from the ER to the Golgi apparatus as well as in intra-Golgi transport. It belongs to a super-family of proteins called t-SNAREs or soluble NSF (N-ethylmaleimide- sensitive factor) attachment protein receptor. May play a protective role against hydrogen peroxide induced cytotoxicity under glutathione depleted conditions in neuronal cells by regulating the intracellular ROS levels via inhibition of p38 MAPK (MAPK11, MAPK12, MAPK13 and MAPK14). Participates in docking and fusion stage of ER to cis-Golgi transport. Plays an impor [...] 
164	Q8VCT4	10090.ENSMUSP00000034172	Ces1d	Carboxylesterase 1D; Major lipase in white adipose tissue. Involved in the metabolism of xenobiotics and of natural substrates. Hydrolyzes triacylglycerols and monoacylglycerols, with a preference for monoacylglycerols. The susceptibility of the substrate increases with decreasing acyl chain length of the fatty acid moiety. Catalyzes the synthesis of fatty acid ethyl esters
165	Q04857	10090.ENSMUSP00000001147	Col6a1	Collagen alpha-1(VI) chain; Collagen VI acts as a cell-binding protein; Belongs to the type VI collagen family
166	Q8BMA6	10090.ENSMUSP00000021133	Srp68	Signal recognition particle subunit SRP68; Signal-recognition-particle assembly has a crucial role in targeting secretory proteins to the rough endoplasmic reticulum membrane. SRP68 binds the 7S RNA, SRP72 binds to this complex subsequently. This ribonucleoprotein complex might interact directly with the docking protein in the ER membrane and possibly participate in the elongation arrest function (By similarity)
167	Q8R1I1	10090.ENSMUSP00000054856	Uqcr10	Cytochrome b-c1 complex subunit 9; This is a component of the ubiquinol-cytochrome c reductase complex (complex III or cytochrome b-c1 complex), which is part of the mitochondrial respiratory chain. This subunit interacts with cytochrome c1 (By similarity)
168	Q9CW79	10090.ENSMUSP00000037735	Golga1	Golgi autoantigen, golgin subfamily a, 1; Golgin subfamily A member 1; Probably involved in maintaining Golgi structure. May play a role in acrosome formation and spermatogenesis
169	Q91V92	10090.ENSMUSP00000103012	Acly	ATP-citrate synthase; ATP-citrate synthase is the primary enzyme responsible for the synthesis of cytosolic acetyl-CoA in many tissues. Has a central role in de novo lipid synthesis. In nervous tissue it may be involved in the biosynthesis of acetylcholine (By similarity); In the N-terminal section; belongs to the succinate/malate CoA ligase beta subunit family
170	Q9DAR7	10090.ENSMUSP00000034539	Dcps	m7GpppX diphosphatase; Decapping scavenger enzyme that catalyzes the cleavage of a residual cap structure following the degradation of mRNAs by the 3'->5' exosome-mediated mRNA decay pathway. Hydrolyzes cap analog structures like 7-methylguanosine nucleoside triphosphate (m7GpppG) with up to 10 nucleotide substrates (small capped oligoribonucleotides) and specifically releases 5'-phosphorylated RNA fragments and 7-methylguanosine monophosphate (m7GMP). Cleaves cap analog structures like tri-methyl guanosine nucleoside triphosphate (m3(2,2,7)GpppG) with very poor efficiency. Does not hy [...] 
171	P35821	10090.ENSMUSP00000029053	Ptpn1	Tyrosine-protein phosphatase non-receptor type 1; Tyrosine-protein phosphatase which acts as a regulator of endoplasmic reticulum unfolded protein response. Mediates dephosphorylation of EIF2AK3/PERK; inactivating the protein kinase activity of EIF2AK3/PERK. May play an important role in CKII- and p60c-src-induced signal transduction cascades. May regulate the EFNA5-EPHA3 signaling pathway which modulates cell reorganization and cell-cell repulsion. May also regulate the hepatocyte growth factor receptor signaling pathway through dephosphorylation of MET (By similarity); Belongs to the [...] 
172	Q9D379	10090.ENSMUSP00000047551	Ephx1	Epoxide hydrolase 1, microsomal; Epoxide hydrolase 1; Biotransformation enzyme that catalyzes the hydrolysis of arene and aliphatic epoxides to less reactive and more water soluble dihydrodiols by the trans addition of water. May play a role in the metabolism of endogenous lipids such as epoxide- containing fatty acids
173	Q8BK64	10090.ENSMUSP00000021425	Ahsa1	Activator of 90 kDa heat shock protein ATPase homolog 1; Acts as a co-chaperone of HSP90AA1. Activates the ATPase activity of HSP90AA1 leading to increase in its chaperone activity. Competes with the inhibitory co-chaperone FNIP1 for binding to HSP90AA1, thereby providing a reciprocal regulatory mechanism for chaperoning of client proteins; Belongs to the AHA1 family
174	Q8BWQ6	10090.ENSMUSP00000051263	Vps35l	VPS35 endosomal protein sorting factor like; UPF0505 protein C16orf62 homolog; Involved in copper-dependent ATP7A trafficking between the trans-Golgi network and vesicles in the cell periphery; the function is proposed to depend on its association within the CCC complex and cooperation with the WASH complex on early endosomes. Seems not to be required for CCC complex stability; Belongs to the UPF0505 family
175	Q99LI8	10090.ENSMUSP00000026900	Hgs	Hepatocyte growth factor-regulated tyrosine kinase substrate; Involved in intracellular signal transduction mediated by cytokines and growth factors. When associated with STAM, it suppresses DNA signaling upon stimulation by IL-2 and GM-CSF. Could be a direct effector of PI3-kinase in vesicular pathway via early endosomes and may regulate trafficking to early and late endosomes by recruiting clathrin. May concentrate ubiquitinated receptors within clathrin-coated regions. Involved in down- regulation of receptor tyrosine kinase via multivesicular body (MVBs) when complexed with STAM (E [...] 
176	P53657	10090.ENSMUSP00000035417	Pklr	Pyruvate kinase liver and red blood cell; Plays a key role in glycolysis
177	P97372	10090.ENSMUSP00000100564	Psme2b	Protease (prosome, macropain) activator subunit 2B
178	Q02357	10090.ENSMUSP00000113571	Ank1	Ankyrin-1; Attaches integral membrane proteins to cytoskeletal elements; binds to the erythrocyte membrane protein band 4.2, to Na-K ATPase, to the lymphocyte membrane protein GP85, and to the cytoskeletal proteins fodrin, tubulin, vimentin and desmin. Erythrocyte ankyrins also link spectrin (beta chain) to the cytoplasmic domain of the erythrocytes anion exchange protein; they retain most or all of these binding functions. In skeletal muscle, isoform Mu7 together with obscurin may provide a molecular link between the sarcoplasmic reticulum and myofibrils
179	Q8C7U7	10090.ENSMUSP00000056705	Galnt6	Polypeptide N-acetylgalactosaminyltransferase 6; Catalyzes the initial reaction in O-linked oligosaccharide biosynthesis, the transfer of an N-acetyl-D- galactosamine residue to a serine or threonine residue on the protein receptor. May participate in synthesis of oncofetal fibronectin. Has activity toward Muc1a, Muc2, EA2 and fibronectin peptides (By similarity)
180	O88455	10090.ENSMUSP00000073541	Dhcr7	7-dehydrocholesterol reductase; Production of cholesterol by reduction of C7-C8 double bond of 7-dehydrocholesterol (7-DHC); Belongs to the ERG4/ERG24 family
181	P00416	10090.ENSMUSP00000080997	mt-Co3	Cytochrome c oxidase subunit 3; Subunits I, II and III form the functional core of the enzyme complex
182	Q8VCK7	10090.ENSMUSP00000112770	Sycn	Syncollin; Functions in exocytosis in pancreatic acinar cells regulating the fusion of zymogen granules with each other. May have a pore-forming activity on membranes and regulate exocytosis in other exocrine tissues
183	Q9CQ92	10090.ENSMUSP00000019198	Fis1	Mitochondrial fission 1 protein; Involved in the fragmentation of the mitochondrial network and its perinuclear clustering. Plays a minor role in the recruitment and association of the fission mediator dynamin- related protein 1 (DNM1L) to the mitochondrial surface and mitochondrial fission. May be not essential for the assembly of functional fission complexes and the subsequent membrane scission event. Can induce cytochrome c release from the mitochondrion to the cytosol, ultimately leading to apoptosis. Also mediates peroxisomal fission
184	P97470	10090.ENSMUSP00000032936	Ppp4c	Serine/threonine-protein phosphatase 4 catalytic subunit; Protein phosphatase that is involved in many processes such as microtubule organization at centrosomes, maturation of spliceosomal snRNPs, apoptosis, DNA repair, tumor necrosis factor (TNF)-alpha signaling, activation of c-Jun N-terminal kinase MAPK8, regulation of histone acetylation, DNA damage checkpoint signaling, NF-kappa-B activation and cell migration. The PPP4C- PPP4R1 PP4 complex may play a role in dephosphorylation and regulation of HDAC3. The PPP4C-PPP4R2-PPP4R3A PP4 complex specifically dephosphorylates H2AFX phospho [...] 
185	P47753	10090.ENSMUSP00000102381	Capza1	Capping protein (actin filament) muscle z-line, alpha 1; F-actin-capping proteins bind in a Ca(2+)-independent manner to the fast growing ends of actin filaments (barbed end) thereby blocking the exchange of subunits at these ends. Unlike other capping proteins (such as gelsolin and severin), these proteins do not sever actin filaments. May play a role in the formation of epithelial cell junctions
186	Q9CQ69	10090.ENSMUSP00000053145	Uqcrq	Ubiquinol-cytochrome c reductase, complex iii subunit vii; Cytochrome b-c1 complex subunit 8; This is a component of the ubiquinol-cytochrome c reductase complex (complex III or cytochrome b-c1 complex), which is part of the mitochondrial respiratory chain. This subunit, together with cytochrome b, binds to ubiquinone
187	Q9D1J1	10090.ENSMUSP00000030760	Necap2	Adaptin ear-binding coat-associated protein 2; Involved in endocytosis
188	P09813	10090.ENSMUSP00000005824	Apoa2	Apolipoprotein A-II; May stabilize HDL (high density lipoprotein) structure by its association with lipids, and affect the HDL metabolism; Belongs to the apolipoprotein A2 family
189	P17892	10090.ENSMUSP00000026081	Pnliprp2	Pancreatic lipase-related protein 2; Lipase with broad substrate specificity. Can hydrolyze both phospholipids and galactolipids. Acts preferentially on monoglycerides, phospholipids and galactolipids. Contributes to milk fat hydrolysis (By similarity); Belongs to the AB hydrolase superfamily. Lipase family
190	Q60876	10090.ENSMUSP00000033880	Eif4ebp1	Eukaryotic translation initiation factor 4E-binding protein 1; Repressor of translation initiation that regulates EIF4E activity by preventing its assembly into the eIF4F complex: hypophosphorylated form competes with EIF4G1/EIF4G3 and strongly binds to EIF4E, leading to repress translation. In contrast, hyperphosphorylated form dissociates from EIF4E, allowing interaction between EIF4G1/EIF4G3 and EIF4E, leading to initiation of translation (By similarity). Mediates the regulation of protein translation by hormones, growth factors and other stimuli that signal through the MAP kinase a [...] 
191	P70297	10090.ENSMUSP00000100025	Stam	Signal transducing adaptor molecule (sh3 domain and itam motif) 1; Signal transducing adapter molecule 1; Involved in intracellular signal transduction mediated by cytokines and growth factors. Upon IL-2 and GM-CSL stimulation, it plays a role in signaling leading to DNA synthesis and MYC induction. May also play a role in T-cell development. Involved in down-regulation of receptor tyrosine kinase via multivesicular body (MVBs) when complexed with HGS (ESCRT-0 complex). The ESCRT-0 complex binds ubiquitin and acts as sorting machinery that recognizes ubiquitinated receptors and transfe [...] 
192	Q8R5C5	10090.ENSMUSP00000047326	Actr1b	ARP1 actin-related protein 1B, centractin beta; Beta-centractin; Component of a multi-subunit complex involved in microtubule based vesicle motility. It is associated with the centrosome (By similarity)
193	Q9QZQ1	10090.ENSMUSP00000118318	Mllt4	Afadin, adherens junction formation factor; Afadin; Belongs to an adhesion system, probably together with the E-cadherin-catenin system, which plays a role in the organization of homotypic, interneuronal and heterotypic cell-cell adherens junctions (AJs). Nectin- and actin-filament-binding protein that connects nectin to the actin cytoskeleton. May play a key role in the organization of epithelial structures of the embryonic ectoderm
194	Q9D8I1	10090.ENSMUSP00000025211	Mzb1	Marginal zone B- and B1-cell-specific protein; Associates with immunoglobulin M (IgM) heavy and light chains and promotes IgM assembly and secretion. May exert its effect by acting as a molecular chaperone or as an oxidoreductase as it displays a low level of oxidoreductase activity. Helps to diversify peripheral B-cell functions by regulating Ca(2+) stores, antibody secretion and integrin activation
195	Q504N0	10090.ENSMUSP00000093771	Cpa2	Carboxypeptidase A2, pancreatic
196	P04117	10090.ENSMUSP00000029041	Fabp4	Fatty acid-binding protein, adipocyte; Lipid transport protein in adipocytes. Binds both long chain fatty acids and retinoic acid. Delivers long-chain fatty acids and retinoic acid to their cognate receptors in the nucleus; Belongs to the calycin superfamily. Fatty-acid binding protein (FABP) family
197	Q6ZQM8	10090.ENSMUSP00000058683	Ugt1a7c	UDP-glucuronosyltransferase 1-7C; UDPGT is of major importance in the conjugation and subsequent elimination of potentially toxic xenobiotics and endogenous compounds. Conjugates small planar phenolic molecules such as 4-nitrophenol, 1-naphthol, and 4-methylumbelliferone. The bulky phenol 4-hydroxybiphenyl, androgens and estrogens are not substrates. 2-hydroxybiphenyl is an excellent substrate; Belongs to the UDP-glycosyltransferase family
198	Q5SWT3	10090.ENSMUSP00000099666	Slc25a35	Solute carrier family 25, member 35
199	P60670	10090.ENSMUSP00000099306	Nploc4	Nuclear protein localization protein 4 homolog; The ternary complex containing UFD1, VCP and NPLOC4 binds ubiquitinated proteins and is necessary for the export of misfolded proteins from the ER to the cytoplasm, where they are degraded by the proteasome. The NPLOC4-UFD1-VCP complex regulates spindle disassembly at the end of mitosis and is necessary for the formation of a closed nuclear envelope (By similarity). Acts as a negative regulator of type I interferon production via the complex formed with VCP and UFD1, which binds to DDX58/RIG-I and recruits RNF125 to promote ubiquitination [...] 
200	Q9D8V0	10090.ENSMUSP00000086460	H13	Minor histocompatibility antigen H13; Catalyzes intramembrane proteolysis of some signal peptides after they have been cleaved from a preprotein, resulting in the release of the fragment from the ER membrane into the cytoplasm. Required to generate lymphocyte cell surface (HLA-E) epitopes derived from MHC class I signal peptides. Involved in the intramembrane cleavage of the integral membrane protein PSEN1. Cleaves the integral membrane protein XBP1 isoform 1 in a DERL1/RNF139-dependent manner (By similarity). May play a role in graft rejection; Belongs to the peptidase A22B family
201	Q9DB29	10090.ENSMUSP00000076090	Iah1	Isoamyl acetate-hydrolyzing esterase 1 homolog; Probable lipase
202	P15864	10090.ENSMUSP00000045816	Hist1h1c	H1.2 linker histone, cluster member; Histone H1.2; Histone H1 protein binds to linker DNA between nucleosomes forming the macromolecular structure known as the chromatin fiber. Histones H1 are necessary for the condensation of nucleosome chains into higher-order structured fibers. Acts also as a regulator of individual gene transcription through chromatin remodeling, nucleosome spacing and DNA methylation (By similarity)
203	Q9Z2D6	10090.ENSMUSP00000033770	Mecp2	Methyl-CpG-binding protein 2; Chromosomal protein that binds to methylated DNA. It can bind specifically to a single methyl-CpG pair. It is not influenced by sequences flanking the methyl-CpGs. Mediates transcriptional repression through interaction with histone deacetylase and the corepressor SIN3. Binds both 5-methylcytosine (5mC) and 5-hydroxymethylcytosine (5hmC)-containing DNA, with a preference for 5-methylcytosine (5mC)
204	P02802	10090.ENSMUSP00000034215	Mt1	Metallothionein-1; Metallothioneins have a high content of cysteine residues that bind various heavy metals; these proteins are transcriptionally regulated by both heavy metals and glucocorticoids
205	P06802	10090.ENSMUSP00000101159	Enpp1	Ectonucleotide pyrophosphatase/phosphodiesterase family member 1; Appears to modulate insulin sensitivity (By similarity). By generating PPi, plays a role in regulating pyrophosphate levels, and functions in bone mineralization and soft tissue calcification. PPi inhibits mineralization by binding to nascent hydroxyapatite (HA) crystals, thereby preventing further growth of these crystals. Preferentially hydrolyzes ATP, but can also hydrolyze other nucleoside 5' triphosphates such as GTP, CTP, TTP and UTP to their corresponding monophosphates with release of pyrophosphate and diadenosin [...] 
206	Q8VEA4	10090.ENSMUSP00000041380	Chchd4	Mitochondrial intermembrane space import and assembly protein 40; Functions as chaperone and catalyzes the formation of disulfide bonds in substrate proteins, such as COX17 or MICU1. Required for the import and folding of small cysteine-containing proteins (small Tim) in the mitochondrial intermembrane space (IMS). Precursor proteins to be imported into the IMS are translocated in their reduced form into the mitochondria. The oxidized form of CHCHD4/MIA40 forms a transient intermolecular disulfide bridge with the reduced precursor protein, resulting in oxidation of the precursor protei [...] 
207	P14094	10090.ENSMUSP00000027863	Atp1b1	Sodium/potassium-transporting ATPase subunit beta-1; This is the non-catalytic component of the active enzyme, which catalyzes the hydrolysis of ATP coupled with the exchange of Na(+) and K(+) ions across the plasma membrane. The beta subunit regulates, through assembly of alpha/beta heterodimers, the number of sodium pumps transported to the plasma membrane
208	Q8CGK3	10090.ENSMUSP00000041814	Lonp1	Lon protease homolog, mitochondrial; ATP-dependent serine protease that mediates the selective degradation of misfolded, unassembled or oxidatively damaged polypeptides as well as certain short-lived regulatory proteins in the mitochondrial matrix. May also have a chaperone function in the assembly of inner membrane protein complexes. Participates in the regulation of mitochondrial gene expression and in the maintenance of the integrity of the mitochondrial genome. Binds to mitochondrial promoters and RNA in a single- stranded, site-specific, and strand-specific manner. May regulate mi [...] 
209	P00683	10090.ENSMUSP00000079025	Rnase1	Ribonuclease, rnase a family, 1 (pancreatic); Endonuclease that catalyzes the cleavage of RNA on the 3' side of pyrimidine nucleotides. Acts on single-stranded and double- stranded RNA (By similarity)
210	Q9Z0Y1	10090.ENSMUSP00000030158	Dctn3	Dynactin subunit 3; Together with dynein may be involved in spindle assembly and cytokinesis
211	P63001	10090.ENSMUSP00000079380	Rac1	Ras-related C3 botulinum toxin substrate 1; Plasma membrane-associated small GTPase which cycles between active GTP-bound and inactive GDP-bound states. In its active state, binds to a variety of effector proteins to regulate cellular responses such as secretory processes, phagocytosis of apoptotic cells, epithelial cell polarization and growth-factor induced formation of membrane ruffles. Rac1 p21/rho GDI heterodimer is the active component of the cytosolic factor sigma 1, which is involved in stimulation of the NADPH oxidase activity in macrophages. Essential for the SPATA13-mediated [...] 
212	P12710	10090.ENSMUSP00000064655	Fabp1	Fatty acid-binding protein, liver; Plays a role in lipoprotein-mediated cholesterol uptake in hepatocytes. Binds cholesterol. Binds free fatty acids and their coenzyme A derivatives, bilirubin, and some other small molecules in the cytoplasm. May be involved in intracellular lipid transport
213	O35326	10090.ENSMUSP00000105985	Srsf5	Splicing factor, arginine/serine-rich 4/5/6; Serine/arginine-rich splicing factor 5; May be required for progression through G1 and entry into S phase of cell growth. May play a regulatory role in pre- mRNA splicing. Autoregulates its own expression. Plays a role in constitutive splicing and can modulate the selection of alternative splice sites (By similarity); Belongs to the splicing factor SR family
214	P00688	10090.ENSMUSP00000096264	Amy2a2	Pancreatic alpha-amylase; Amylase 2a2
215	O88845	10090.ENSMUSP00000099710	Akap10	A-kinase anchor protein 10, mitochondrial; Differentially targeted protein that binds to type I and II regulatory subunits of protein kinase A and anchors them to the mitochondria or the plasma membrane. Although the physiological relevance between PKA and AKAPS with mitochondria is not fully understood, one idea is that BAD, a proapoptotic member, is phosphorylated and inactivated by mitochondria-anchored PKA. It cannot be excluded too that it may facilitate PKA as well as G protein signal transduction, by acting as an adapter for assembling multiprotein complexes. With its RGS domain [...] 
216	Q6P8U6	10090.ENSMUSP00000056377	Pnlip	Pancreatic triacylglycerol lipase; Plays an important role in fat metabolism. It preferentially splits the esters of long-chain fatty acids at positions 1 and 3, producing mainly 2-monoacylglycerol and free fatty acids, and shows considerably higher activity against insoluble emulsified substrates than against soluble ones (By similarity)
217	Q62419	10090.ENSMUSP00000003268	Sh3gl1	SH3-domain GRB2-like 1; Endophilin-A2; Implicated in endocytosis. May recruit other proteins to membranes with high curvature (By similarity)
218	Q9CQ56	10090.ENSMUSP00000019169	Use1	Vesicle transport protein USE1; SNARE that may be involved in targeting and fusion of Golgi-derived retrograde transport vesicles with the ER; Belongs to the USE1 family
219	Q9DBS1	10090.ENSMUSP00000032183	Tmem43	Transmembrane protein 43; May have an important role in maintaining nuclear envelope structure by organizing protein complexes at the inner nuclear membrane. Required for retaining emerin at the inner nuclear membrane
220	Q8VIJ6	10090.ENSMUSP00000030623	Sfpq	Splicing factor, proline- and glutamine-rich; DNA- and RNA binding protein, involved in several nuclear processes. Essential pre-mRNA splicing factor required early in spliceosome formation and for splicing catalytic step II, probably as a heteromer with NONO. Binds to pre-mRNA in spliceosome C complex, and specifically binds to intronic polypyrimidine tracts. Involved in regulation of signal-induced alternative splicing. During splicing of PTPRC/CD45, a phosphorylated form is sequestered by THRAP3 from the pre-mRNA in resting T-cells; T-cell activation and subsequent reduced phosphory [...] 
221	Q99J36	10090.ENSMUSP00000033236	Thumpd1	THUMP domain-containing protein 1; Functions as a tRNA-binding adapter to mediate NAT10- dependent tRNA acetylation
222	Q7TQ65	10090.ENSMUSP00000043853	Tmc4	Transmembrane channel-like gene family 4; Probable ion channel
223	P30677	10090.ENSMUSP00000025602	Gna14	Guanine nucleotide-binding protein subunit alpha-14; Guanine nucleotide-binding proteins (G proteins) are involved as modulators or transducers in various transmembrane signaling systems
224	Q9JJH1	10090.ENSMUSP00000127274	Rnase4	Ribonuclease, rnase a family 4; This RNase has marked specificity towards the 3' side of uridine nucleotides
225	Q8CHT0	10090.ENSMUSP00000043821	Aldh4a1	Delta-1-pyrroline-5-carboxylate dehydrogenase, mitochondrial; Irreversible conversion of delta-1-pyrroline-5- carboxylate (P5C), derived either from proline or ornithine, to glutamate. This is a necessary step in the pathway interconnecting the urea and tricarboxylic acid cycles. The preferred substrate is glutamic gamma-semialdehyde, other substrates include succinic, glutaric and adipic semialdehydes (By similarity)
226	Q8QZR5	10090.ENSMUSP00000023203	Gpt	Glutamic pyruvic transaminase, soluble; Alanine aminotransferase 1; Catalyzes the reversible transamination between alanine and 2-oxoglutarate to form pyruvate and glutamate. Participates in cellular nitrogen metabolism and also in liver gluconeogenesis starting with precursors transported from skeletal muscles (By similarity)
227	P28474	10090.ENSMUSP00000005964	Adh5	Alcohol dehydrogenase class-3; Class-III ADH is remarkably ineffective in oxidizing ethanol, but it readily catalyzes the oxidation of long-chain primary alcohols and the oxidation of S-(hydroxymethyl) glutathione; Belongs to the zinc-containing alcohol dehydrogenase family. Class-III subfamily
228	P62835	10090.ENSMUSP00000088174	Rap1a	Ras-related protein Rap-1A; Induces morphological reversion of a cell line transformed by a Ras oncogene. Counteracts the mitogenic function of Ras, at least partly because it can interact with Ras GAPs and RAF in a competitive manner. Together with ITGB1BP1, regulates KRIT1 localization to microtubules and membranes (By similarity). Plays a role in nerve growth factor (NGF)-induced neurite outgrowth. Plays a role in the regulation of embryonic blood vessel formation. Involved in the establishment of basal endothelial barrier function. May be involved in the regulation of the vascular  [...] 
229	P00493	10090.ENSMUSP00000026723	Hprt	Hypoxanthine-guanine phosphoribosyltransferase; Converts guanine to guanosine monophosphate, and hypoxanthine to inosine monophosphate. Transfers the 5- phosphoribosyl group from 5-phosphoribosylpyrophosphate onto the purine. Plays a central role in the generation of purine nucleotides through the purine salvage pathway (By similarity)
230	Q9DCG9	10090.ENSMUSP00000112250	Trmt112	Multifunctional methyltransferase subunit TRM112-like protein; Acts as an activator of both rRNA/tRNA and protein methyltransferases. Together with methyltransferase BUD23, methylates the N(7) position of a guanine in 18S rRNA. The heterodimer with HEMK2/N6AMT1 catalyzes N5-methylation of ETF1 on 'Gln-185', using S-adenosyl L-methionine as methyl donor. The heterodimer with ALKBH8 catalyzes the methylation of 5- carboxymethyl uridine to 5-methylcarboxymethyl uridine at the wobble position of the anticodon loop in target tRNA species. Involved in the pre-rRNA processing steps leading to [...] 
231	Q9DAS9	10090.ENSMUSP00000109863	Gng12	Guanine nucleotide-binding protein G(I)/G(S)/G(O) subunit gamma-12; Guanine nucleotide-binding proteins (G proteins) are involved as a modulator or transducer in various transmembrane signaling systems. The beta and gamma chains are required for the GTPase activity, for replacement of GDP by GTP, and for G protein- effector interaction
232	Q05816	10090.ENSMUSP00000029046	Fabp5	Fatty acid-binding protein, epidermal; High specificity for fatty acids. Highest affinity for C18 chain length (By similarity); Belongs to the calycin superfamily. Fatty-acid binding protein (FABP) family
233	Q8K4P0	10090.ENSMUSP00000025264	Wdr33	pre-mRNA 3' end processing protein WDR33; Essential for both cleavage and polyadenylation of pre- mRNA 3' ends
234	Q9QZQ8	10090.ENSMUSP00000016081	H2afy	Core histone macro-H2A.1; Variant histone H2A which replaces conventional H2A in a subset of nucleosomes where it represses transcription. Nucleosomes wrap and compact DNA into chromatin, limiting DNA accessibility to the cellular machineries which require DNA as a template. Histones thereby play a central role in transcription regulation, DNA repair, DNA replication and chromosomal stability. DNA accessibility is regulated via a complex set of post- translational modifications of histones, also called histone code, and nucleosome remodeling. Involved in stable X chromosome inactivatio [...] 
235	Q99L88	10090.ENSMUSP00000041294	Sntb1	Syntrophin, basic 1; Beta-1-syntrophin; Adapter protein that binds to and probably organizes the subcellular localization of a variety of membrane proteins. May link various receptors to the actin cytoskeleton and the dystrophin glycoprotein complex
236	P84104	10090.ENSMUSP00000117045	Srsf3	Serine/arginine-rich splicing factor 3; Splicing factor that specifically promotes exon- inclusion during alternative splicing. Interaction with YTHDC1, a RNA-binding protein that recognizes and binds N6-methyladenosine (m6A)-containing RNAs, promotes recruitment of SRSF3 to its mRNA- binding elements adjacent to m6A sites, leading to exon-inclusion during alternative splicing. Also functions as export adapter involved in mRNA nuclear export such as of histone H2A. Binds mRNA which is thought to be transferred to the NXF1-NXT1 heterodimer for export (TAP/NXF1 pathway); enhances NXF1-NX [...] 
237	Q9CQC6	10090.ENSMUSP00000051935	Bzw1	Basic leucine zipper and W2 domain-containing protein 1; Enhances histone H4 gene transcription but does not seem to bind DNA directly
238	P37804	10090.ENSMUSP00000034590	Tagln	Transgelin; Actin cross-linking/gelling protein
239	Q80VJ2	10090.ENSMUSP00000133360	Sra1	Steroid receptor RNA activator 1; Functional RNA which acts as a transcriptional coactivator that selectively enhances steroid receptor-mediated transactivation ligand-independently through a mechanism involving the modulating N-terminal domain (AF-1) of steroid receptors. Also mediates transcriptional coactivation of steroid receptors ligand- dependently through the steroid-binding domain (AF-2). Enhances cellular proliferation and differentiation and promotes apoptosis in vivo. May play a role in tumorigenesis (By similarity); Belongs to the SRA1 family
240	Q8K3J1	10090.ENSMUSP00000074600	Ndufs8	NADH dehydrogenase [ubiquinone] iron-sulfur protein 8, mitochondrial; Core subunit of the mitochondrial membrane respiratory chain NADH dehydrogenase (Complex I) that is believed to belong to the minimal assembly required for catalysis. Complex I functions in the transfer of electrons from NADH to the respiratory chain. The immediate electron acceptor for the enzyme is believed to be ubiquinone (By similarity)
241	Q921I1	10090.ENSMUSP00000035158	Trf	Serotransferrin; Transferrins are iron binding transport proteins which can bind two Fe(3+) ions in association with the binding of an anion, usually bicarbonate. It is responsible for the transport of iron from sites of absorption and heme degradation to those of storage and utilization. Serum transferrin may also have a further role in stimulating cell proliferation
242	P27005	10090.ENSMUSP00000064385	S100a8	Protein S100-A8; S100A8 is a calcium- and zinc-binding protein which plays a prominent role in the regulation of inflammatory processes and immune response. It can induce neutrophil chemotaxis and adhesion. Predominantly found as calprotectin (S100A8/A9) which has a wide plethora of intra- and extracellular functions. The intracellular functions include: facilitating leukocyte arachidonic acid trafficking and metabolism, modulation of the tubulin-dependent cytoskeleton during migration of phagocytes and activation of the neutrophilic NADPH-oxidase. Activates NADPH- oxidase by facilitat [...] 
243	Q91WT9	10090.ENSMUSP00000066878	Cbs	Cystathionine beta-synthase; Hydro-lyase catalyzing the first step of the transsulfuration pathway, where the hydroxyl group of L-serine is displaced by L-homocysteine in a beta-replacement reaction to form L-cystathionine, the precursor of L-cysteine. This catabolic route allows the elimination of L-methionine and the toxic metabolite L- homocysteine (By similarity). Also involved in the production of hydrogen sulfide, a gasotransmitter with signaling and cytoprotective effects on neurons (By similarity)
244	P26516	10090.ENSMUSP00000041968	Psmd7	26S proteasome non-ATPase regulatory subunit 7; Component of the 26S proteasome, a multiprotein complex involved in the ATP-dependent degradation of ubiquitinated proteins. This complex plays a key role in the maintenance of protein homeostasis by removing misfolded or damaged proteins, which could impair cellular functions, and by removing proteins whose functions are no longer required. Therefore, the proteasome participates in numerous cellular processes, including cell cycle progression, apoptosis, or DNA damage repair; Belongs to the peptidase M67A family
245	Q9CR62	10090.ENSMUSP00000014750	Slc25a11	Solute carrier family 25 (mitochondrial carrier oxoglutarate carrier), member 11; Mitochondrial 2-oxoglutarate/malate carrier protein; Catalyzes the transport of 2-oxoglutarate across the inner mitochondrial membrane in an electroneutral exchange for malate or other dicarboxylic acids, and plays an important role in several metabolic processes, including the malate-aspartate shuttle, the oxoglutarate/isocitrate shuttle, in gluconeogenesis from lactate, and in nitrogen metabolism (By similarity). Maintains mitochondrial fusion and fission events, and the organization and morphology of c [...] 
246	Q9WVK4	10090.ENSMUSP00000025684	Ehd1	EH domain-containing protein 1; ATP- and membrane-binding protein that controls membrane reorganization/tubulation upon ATP hydrolysis. In vitro causes vesiculation of endocytic membranes (By similarity). Acts in early endocytic membrane fusion and membrane trafficking of recycling endosomes. Recruited to endosomal membranes upon nerve growth factor stimulation, indirectly regulates neurite outgrowth (By similarity). Plays a role in myoblast fusion. Involved in the unidirectional retrograde dendritic transport of endocytosed BACE1 and in efficient sorting of BACE1 to axons implicating  [...] 
247	Q8BG32	10090.ENSMUSP00000017572	Psmd11	Proteasome (prosome, macropain) 26s subunit, non-atpase, 11; 26S proteasome non-ATPase regulatory subunit 11; Component of the 26S proteasome, a multiprotein complex involved in the ATP-dependent degradation of ubiquitinated proteins. This complex plays a key role in the maintenance of protein homeostasis by removing misfolded or damaged proteins, which could impair cellular functions, and by removing proteins whose functions are no longer required. Therefore, the proteasome participates in numerous cellular processes, including cell cycle progression, apoptosis, or DNA damage repair.  [...] 
248	Q3TAS6	10090.ENSMUSP00000008284	Emc10	ER membrane protein complex subunit 10; Belongs to the EMC10 family
249	Q99JI6	10090.ENSMUSP00000066238	Rap1b	Ras-related protein Rap-1b; GTP-binding protein that possesses intrinsic GTPase activity. Contributes to the polarizing activity of KRIT1 and CDH5 in the establishment and maintenance of correct endothelial cell polarity and vascular lumen. Required for the localization of phosphorylated PRKCZ, PARD3 and TIAM1 to the cell junction. Plays a role in the establishment of basal endothelial barrier function (By similarity); Belongs to the small GTPase superfamily. Ras family
250	Q8R0L1	10090.ENSMUSP00000038130	Stap2	Signal transducing adaptor family member 2; Signal-transducing adaptor protein 2; Substrate of protein kinase PTK6 (By similarity). May play a regulatory role in the acute-phase response in systemic inflammation and may modulate STAT3 activity
251	P47915	10090.ENSMUSP00000080203	Rpl29	60S ribosomal protein L29; Component of the large ribosomal subunit
252	O54724	10090.ENSMUSP00000058321	Ptrf	Polymerase i and transcript release factor; Caveolae-associated protein 1; Plays an important role in caveolae formation and organization. Essential for the formation of caveolae in all tissues. Core component of the CAVIN complex which is essential for recruitment of the complex to the caveolae in presence of calveolin-1 (CAV1). Essential for normal oligomerization of CAV1. Promotes ribosomal transcriptional activity in response to metabolic challenges in the adipocytes and plays an important role in the formation of the ribosomal transcriptional loop. Dissociates transcription comple [...] 
253	O35682	10090.ENSMUSP00000131318	Myadm	Myeloid-associated differentiation marker
254	Q60823	10090.ENSMUSP00000103981	Akt2	RAC-beta serine/threonine-protein kinase; AKT2 is one of 3 closely related serine/threonine- protein kinases (AKT1, AKT2 and AKT3) called the AKT kinases, and which regulate many processes including metabolism, proliferation, cell survival, growth and angiogenesis. This is mediated through serine and/or threonine phosphorylation of a range of downstream substrates. Over 100 substrate candidates have been reported so far, but for most of them, no isoform specificity has been reported. AKT is responsible of the regulation of glucose uptake by mediating insulin-induced translocation of th [...] 
255	P31750	10090.ENSMUSP00000001780	Akt1	RAC-alpha serine/threonine-protein kinase; AKT1 is one of 3 closely related serine/threonine- protein kinases (AKT1, AKT2 and AKT3) called the AKT kinase, and which regulate many processes including metabolism, proliferation, cell survival, growth and angiogenesis. This is mediated through serine and/or threonine phosphorylation of a range of downstream substrates. Over 100 substrate candidates have been reported so far, but for most of them, no isoform specificity has been reported. AKT is responsible of the regulation of glucose uptake by mediating insulin-induced translocation of th [...] 
256	Q9WUA6	10090.ENSMUSP00000106789	Akt3	RAC-gamma serine/threonine-protein kinase; AKT3 is one of 3 closely related serine/threonine- protein kinases (AKT1, AKT2 and AKT3) called the AKT kinase, and which regulate many processes including metabolism, proliferation, cell survival, growth and angiogenesis. This is mediated through serine and/or threonine phosphorylation of a range of downstream substrates. Over 100 substrate candidates have been reported so far, but for most of them, no isoform specificity has been reported. AKT3 is the least studied AKT isoform. It plays an important role in brain development and is crucial f [...] 
257	P32883	10090.ENSMUSP00000032399	Kras	Kirsten rat sarcoma viral oncogene homolog; GTPase KRas; Ras proteins bind GDP/GTP and possess intrinsic GTPase activity (By similarity). Plays an important role in the regulation of cell proliferation. Plays a role in promoting oncogenic events by inducing transcriptional silencing of tumor suppressor genes (TSGs) in colorectal cancer (CRC) cells in a ZNF304-dependent manner (By similarity); Belongs to the small GTPase superfamily. Ras family
258	Q60751	10090.ENSMUSP00000005671	Igf1r	Insulin-like growth factor 1 receptor; Receptor tyrosine kinase which mediates actions of insulin-like growth factor 1 (IGF1). Binds IGF1 with high affinity and IGF2 and insulin (INS) with a lower affinity. The activated IGF1R is involved in cell growth and survival control. IGF1R is crucial for tumor transformation and survival of malignant cell. Ligand binding activates the receptor kinase, leading to receptor autophosphorylation, and tyrosines phosphorylation of multiple substrates, that function as signaling adapter proteins including, the insulin-receptor substrates (IRS1/2), Shc  [...] 
259	P15208	10090.ENSMUSP00000088837	Insr	Insulin receptor; Receptor tyrosine kinase which mediates the pleiotropic actions of insulin. Binding of insulin leads to phosphorylation of several intracellular substrates, including, insulin receptor substrates (IRS1, 2, 3, 4), SHC, GAB1, CBL and other signaling intermediates. Each of these phosphorylated proteins serve as docking proteins for other signaling proteins that contain Src- homology-2 domains (SH2 domain) that specifically recognize different phosphotyrosine residues, including the p85 regulatory subunit of PI3K and SHP2. Phosphorylation of IRSs proteins lead to the acti [...] 
260	Q9JLN9	10090.ENSMUSP00000099510	Mtor	Serine/threonine-protein kinase mTOR; Serine/threonine protein kinase which is a central regulator of cellular metabolism, growth and survival in response to hormones, growth factors, nutrients, energy and stress signals. MTOR directly or indirectly regulates the phosphorylation of at least 800 proteins. Functions as part of 2 structurally and functionally distinct signaling complexes mTORC1 and mTORC2 (mTOR complex 1 and 2). Activated mTORC1 up-regulates protein synthesis by phosphorylating key regulators of mRNA translation and ribosome synthesis. This includes phosphorylation of EIF [...] 
261	Q99N57	10090.ENSMUSP00000000451	Raf1	RAF proto-oncogene serine/threonine-protein kinase; Serine/threonine-protein kinase that acts as a regulatory link between the membrane-associated Ras GTPases and the MAPK/ERK cascade, and this critical regulatory link functions as a switch determining cell fate decisions including proliferation, differentiation, apoptosis, survival and oncogenic transformation. RAF1 activation initiates a mitogen-activated protein kinase (MAPK) cascade that comprises a sequential phosphorylation of the dual-specific MAPK kinases (MAP2K1/MEK1 and MAP2K2/MEK2) and the extracellular signal-regulated kina [...] 
262	P63085	10090.ENSMUSP00000065983	Mapk1	Mitogen-activated protein kinase 1; Serine/threonine kinase which acts as an essential component of the MAP kinase signal transduction pathway. MAPK1/ERK2 and MAPK3/ERK1 are the 2 MAPKs which play an important role in the MAPK/ERK cascade. They participate also in a signaling cascade initiated by activated KIT and KITLG/SCF. Depending on the cellular context, the MAPK/ERK cascade mediates diverse biological functions such as cell growth, adhesion, survival and differentiation through the regulation of transcription, translation, cytoskeletal rearrangements. The MAPK/ERK cascade plays a [...] 
