#node1	Annotated Sequence	Modifications	Modifications in Master Proteins	Master Protein Accessions	Positions in Master Proteins	(G12D_KO) / (G12D_WT)	Adj. P-Value: (G12D_KO) / (G12D_WT)	log2 (G12D_KO) / (G12D_WT)	-log10 Adj. P-Value: (G12D_KO) / (G12D_WT)	Sum_Index_Unique_Gene
Aarsd1	[R].RAEAQALLQDYVSTQSAEE.[-]	1xPhospho [S16(100)]	S409	Q3THG9	Q3THG9 [394-412]	0.083	0.02333	-3.59074485331516	1.63208526120625	Aarsd1 S409
Aarsd1	[R].GAQADHFTESPLSPGSQVQVR.[V]	1xPhospho [S13(100)]	S88	Q3THG9	Q3THG9 [76-96]	21.31	9.895e-05	4.41345868800798	4.00458420145759	Aarsd1 S88
Abcf1	[K].GGNVFEALIQDDSEEEEEEEENR.[V]	1xPhospho [S13(100)]	S138	Q6P542	Q6P542 [126-148]	0.16	4.998e-06	-2.64385618977472	5.30120374820957	Abcf1 S138
Acacb	[R].TVSPSREDR.[K]	1xPhospho [S3(100)]	S136	E9Q4Z2	E9Q4Z2 [134-142]	27.14	3.066e-05	4.76234881564413	4.51342784948164	Acacb S136
Acacb	[R].ASLGTLSQEAALNTSDPESHAPTMRPSMSGLHLVK.[R]	1xPhospho [T23(97.8)]	T206	E9Q4Z2	E9Q4Z2 [184-218]	18.98	0.0002932	4.24640808724638	3.53283603403091	Acacb T206
Acin1	[K].SLSPGVSR.[D]	2xPhospho [S1(100); S3(100)]	S655	Q9JIX8	Q9JIX8 [655-662]	0.2	0.0001387	-2.32192809488736	3.85792353892672	Acin1 S655
Acin1	[K].SLSPGVSR.[D]	2xPhospho [S1(100); S3(100)]	S657	Q9JIX8	Q9JIX8 [655-662]	0.2	0.0001387	-2.32192809488736	3.85792353892672	Acin1 S657
Adam10	[K].LPPPKPLPGTLK.[R]	1xPhospho [T10(100)]	T720	O35598	O35598 [711-722]	19	0.01058	4.24792751344359	1.97551433230083	Adam10 T720
Add1	[K].YSDVEVPASVTGHSFASDGDSGTCSPLRHSFQK.[Q]	1xCarbamidomethyl [C24]; 1xPhospho [S30(100)]	S436	Q9QYC0	Q9QYC0 [407-439]	14.17	0.001243	3.82476785314329	2.90552887135836	Add1 S436
Add1	[K].QKGSEENLDETR.[E]	1xPhospho [S4(100)]	S586	Q9QYC0	Q9QYC0 [583-594]	7.177	0.0008673	2.84338092070979	3.06183065360968	Add1 S586
Ahsg	[R].HAFSPVASVESASGETLHSPK.[V]	3xPhospho [S8(100); S11(100); S13(99.4)]	S309	P29699	P29699 [302-322]	0.012	0.0003018	-6.38082178394093	3.52028076456043	Ahsg S309
Ahsg	[R].HAFSPVASVESASGETLHSPK.[V]	3xPhospho [S8(100); S11(100); S13(99.4)]	S312	P29699	P29699 [302-322]	0.012	0.0003018	-6.38082178394093	3.52028076456043	Ahsg S312
Ahsg	[R].HAFSPVASVESASGETLHSPK.[V]	3xPhospho [S8(100); S11(100); S13(99.4)]	S314	P29699	P29699 [302-322]	0.012	0.0003018	-6.38082178394093	3.52028076456043	Ahsg S314
Aimp2	[K].TTSPATDAGHVQETSEPSLQALESR.[Q]	1xPhospho [S3(99)]	S36	Q8R010	Q8R010 [34-58]	22.04	1.12e-05	4.46205231879643	4.95078197732982	Aimp2 S36
Akap12	[R].RPSESDKEEELDK.[V]	2xPhospho [S3(100); S5(100)]	S613	Q9WTQ5	Q9WTQ5 [611-623]	0.027	8.261e-14	-5.21089678249862	13.0829673778376	Akap12 S613
Akap12	[R].RPSESDKEEELDK.[V]	2xPhospho [S3(100); S5(100)]	S615	Q9WTQ5	Q9WTQ5 [611-623]	0.027	8.261e-14	-5.21089678249862	13.0829673778376	Akap12 S615
Akap8	[R].ADSDGDLSENDDGAGDLR.[S]	2xPhospho [S3(100); S8(100)]	S320	Q9DBR0	Q9DBR0 [318-335]	0.014	1.322e-05	-6.15842936260448	4.87876854485038	Akap8 S320
Akap8	[R].ADSDGDLSENDDGAGDLR.[S]	2xPhospho [S3(100); S8(100)]	S325	Q9DBR0	Q9DBR0 [318-335]	0.014	1.322e-05	-6.15842936260448	4.87876854485038	Akap8 S325
Akap8	[R].SGDEEFRGEDDLCDSR.[K]	1xCarbamidomethyl [C13]; 1xPhospho [S1(100)]	S336	Q9DBR0	Q9DBR0 [336-351]	0.149	0.002369	-2.74661576419993	2.62543493927723	Akap8 S336
Akt2	[R].YFDDEFTAQSITITPPDRYDSLDPLELDQR.[T]	1xPhospho [T14(100)]	T451	Q60823	Q60823 [438-467]	20.03	0.000277	4.32409051603798	3.55752023093555	Akt2 T451
Ap3d1	[R].RHSSLPTESDEDIAPAQR.[V]	2xPhospho [S3(100); S9(100)]	S754	O54774	O54774 [752-769]	0.162	0.001242	-2.62593428177746	2.90587840415944	Ap3d1 S754
Ap3d1	[R].HSSLPTESDEDIAPAQR.[V]	2xPhospho [T6(100); S8(100)]	S760	O54774	O54774 [753-769]	0.103	4.198e-07	-3.27928375747887	6.37695756575362	Ap3d1 S760
Ap3d1	[R].VDIITEEMPENALPSDEDDKDPNDPYR.[A]	1xOxidation [M8]; 1xPhospho [S15(100)]	S784	O54774	O54774 [770-796]	0.359	0.04836	-1.47794425083904	1.31551370781127	Ap3d1 S784
Ap3d1	[R].NAEAVKSPEKEGVLGVEK.[K]	1xPhospho [S7(100)]	S825	O54774	O54774 [819-836]	22.13	0.002853	4.46793154602629	2.54469822834292	Ap3d1 S825
Ap3d1	[R].HSSLPTESDEDIAPAQR.[V]	2xPhospho [T6(100); S8(100)]	T758	O54774	O54774 [753-769]	0.103	4.198e-07	-3.27928375747887	6.37695756575362	Ap3d1 T758
Ap3d1	[K].KGEDLDFWLSTTPPPAAAPIPAPSTEELAASTITSPK.[D]	1xPhospho [T12(99.3)]	T870	O54774	O54774 [859-895]	51.1	1.068e-12	5.67525138605026	11.9714287473075	Ap3d1 T870
Apoe	[R].NEVHTMLGQSTEEIR.[A]	1xPhospho [S10(99.5)]	S139	P08226	P08226 [130-144]	0.05	0.02687	-4.32192809488736	1.57073233356683	Apoe S139
Arfgef3	[R].LPSLSVQPVSNADWVWLVK.[R]	1xPhospho [S3(100)]	S1881	Q3UGY8	Q3UGY8 [1879-1897]	17.16	0.0001677	4.10097764772482	3.77546693739391	Arfgef3 S1881
Arfgef3	[R].SGSTGSSLSVSVR.[D]	2xPhospho [S3(100); S6(99.4)]	S2090	Q3UGY8	Q3UGY8 [2088-2100]	11.31	0.01127	3.4995270242151	1.94807608395389	Arfgef3 S2090
Arfgef3	[R].SGSTGSSLSVSVR.[D]	2xPhospho [S3(100); S6(99.4)]	S2093	Q3UGY8	Q3UGY8 [2088-2100]	11.31	0.01127	3.4995270242151	1.94807608395389	Arfgef3 S2093
Arhgap45	[R].KGSFNPGDASGPEAAGSPPEEGGTSEAAPNKDHR.[G]	1xPhospho [S3(100)]	S577	Q3TBD2	Q3TBD2 [575-608]	0.053	0.01149	-4.23786383009889	1.93967997131171	Arhgap45 S577
Atad1	[R].EYVNSTSEESHDEDEIRPVQQQDLHR.[A]	1xPhospho [S10(100)]	S322	Q9D5T0	Q9D5T0 [313-338]	0.014	8.678e-09	-6.15842936260448	8.06158035420681	Atad1 S322
Atp2a2	[R].EFDELSPSAQR.[D]	1xPhospho [S8(100)]	S663	O55143	O55143 [656-666]	0.306	0.01016	-1.70839644196944	1.9931062920521	Atp2a2 S663
Atp2b1	[R].IEDSEPHIPLIDDTDAEDDAPTKR.[N]	1xPhospho [S4(100)]	S1155	G5E829	G5E829 [1152-1175]	0.059	3.318e-05	-4.08314123530025	4.47912361831166	Atp2b1 S1155
Atp2b1	[R].IEDSEPHIPLIDDTDAEDDAPTK.[R]	2xPhospho [S4(100); T14(100)]	T1165	G5E829	G5E829 [1152-1174]	0.094	0.008802	-3.41119543298445	2.05541863577307	Atp2b1 T1165
Atxn2l	[R].QGSGRESPSLVSR.[E]	1xPhospho [S7(99.2)]	S337	Q7TQH0	Q7TQH0 [331-343]	6.026	5.242e-06	2.59120067293238	5.28050298338942	Atxn2l S337
Aven	[R].VEEDSDSETYGEENDEQGNFSR.[R]	1xPhospho [S5(100)]	S82	Q9D9K3	Q9D9K3 [78-99]	0.018	1.433e-05	-5.79585928321977	4.84375380960266	Aven S82
Bckdha	[R].SVDEVNYWDKQDHPISR.[L]	1xPhospho [S1(100)]	S344	P50136	P50136 [344-360]	0.024	1.038e-06	-5.38082178394093	5.98380264648756	Bckdha S344
Bcl2l13	[R].AEKTSPTPSVFVELGEEELEAVTARPEAVER.[A]	1xPhospho [S5(100)]	S343	P59017	P59017 [339-369]	23.6	8.458e-08	4.56071495447448	7.07273231918912	Bcl2l13 S343
Bclaf1	[K].FHDSEGDDTEETEDYR.[Q]	2xPhospho [S4(100); T9(100)]	S395	Q8K019	Q8K019 [392-407]	0.035	8.668e-05	-4.83650126771712	4.06208109735222	Bclaf1 S395
Bclaf1	[K].SIFREESPLR.[I]	1xPhospho [S7(100)]	S529	Q8K019	Q8K019 [523-532]	4.294	0.0005019	2.10232219119669	3.29938280431794	Bclaf1 S529
Bclaf1	[R].QKSPEIHR.[R]	1xPhospho [S3(100)]	S646	Q8K019	Q8K019 [644-651]	100	7.931e-16	6.64385618977472	15.1006720501223	Bclaf1 S646
Bclaf1	[K].FHDSEGDDTEETEDYR.[Q]	2xPhospho [S4(100); T9(100)]	T400	Q8K019	Q8K019 [392-407]	0.035	8.668e-05	-4.83650126771712	4.06208109735222	Bclaf1 T400
Bin1	[K].GNKSPSPPPDGSPAATPEIR.[V]	3xPhospho [S4(100); S6(100); S12(100)]	S296	O08539	O08539 [293-312]	0.04	0.008234	-4.64385618977472	2.08438913733853	Bin1 S296
Bin1	[K].GNKSPSPPPDGSPAATPEIR.[V]	3xPhospho [S4(100); S6(100); S12(100)]	S298	O08539	O08539 [293-312]	0.04	0.008234	-4.64385618977472	2.08438913733853	Bin1 S298
Bin1	[K].GNKSPSPPPDGSPAATPEIR.[V]	3xPhospho [S4(100); S6(100); S12(100)]	S304	O08539	O08539 [293-312]	0.04	0.008234	-4.64385618977472	2.08438913733853	Bin1 S304
Bin1	[R].VNHEPEPASGASPGATIPKSPSQLR.[K]	1xPhospho [S20(99.3)]	S332	O08539	O08539 [313-337]	32.51	7.475e-06	5.02281165091563	5.12638880300353	Bin1 S332
Camk2d	[R].QETVDCLK.[K]	1xCarbamidomethyl [C6]; 1xPhospho [T3(100)]	T287	Q6PHZ2	Q6PHZ2 [285-292]	5.728	4.189e-05	2.51803149260217	4.37788963963878	Camk2d T287
Camk2d	[K].ESTESSNTTIEDEDVK.[A]	1xPhospho [T9(99.4)]	T337	Q6PHZ2	Q6PHZ2 [329-344]	0.04	0.003042	-4.64385618977472	2.51684079028302	Camk2d T337
Canx	[K].QKSDAEEDGVTGSQDEEDSKPK.[A]	1xPhospho [S13(99.6)]	S563	P35564	P35564 [551-572]	3.009	0.01738	1.58928410667125	1.75995022788735	Canx S563
Cavin1	[K].VMIYQDEVKLPAKLSVSK.[S]	1xOxidation [M2]; 1xPhospho [S15(100)]	S169	O54724	O54724 [155-172]	17.2	0.0004842	4.10433665981474	3.31497521489429	Cavin1 S169
Cavin1	[K].EGDELGEGERPEDDTAAIELSSDEAVEVEEVIEESR.[A]	2xPhospho [S21(100); S22(100)]	S204	O54724	O54724 [184-219]	0.1	0.0001827	-3.32192809488736	3.73826145264746	Cavin1 S204
Cavin1	[K].EGDELGEGERPEDDTAAIELSSDEAVEVEEVIEESR.[A]	2xPhospho [S21(100); S22(100)]	S205	O54724	O54724 [184-219]	0.1	0.0001827	-3.32192809488736	3.73826145264746	Cavin1 S205
Cavin2	[K].EPVPSAAEGKEELADENK.[S]	1xPhospho [S5(100)]	S178	Q63918	Q63918 [174-191]	19.62	0.01112	4.29425313644451	1.95389521275396	Cavin2 S178
Cavin2	[K].SLEETLHNVDLSSDDELPR.[D]	3xPhospho [S1(100); S12(100); S13(100)]	S192	Q63918	Q63918 [192-210]	0.049	0.0002282	-4.35107444054688	3.6416843599178	Cavin2 S192
Cavin2	[K].SLEETLHNVDLSSDDELPR.[D]	2xPhospho [S12(100); S13(100)]	S203	Q63918	Q63918 [192-210]	0.049	4.323e-09	-4.35107444054688	8.36421476446635	Cavin2 S203
Cavin2	[K].SLEETLHNVDLSSDDELPR.[D]	2xPhospho [S12(100); S13(100)]	S204	Q63918	Q63918 [192-210]	0.049	4.323e-09	-4.35107444054688	8.36421476446635	Cavin2 S204
Cavin2	[K].LEDQMQEDREEGSFTEGLSEASLPSGLMEGSAEDAEK.[S]	1xOxidation [M]; 1xPhospho [S13(100)]	S327	Q63918	Q63918 [315-351]	0.165	0.02992	-2.59946207041627	1.52403841080758	Cavin2 S327
Cavin2	[R].GNNSAVGSNADLTIEEDEEEEPVALQQAQQVR.[Y]	2xPhospho [S4(100); S8(100)]	S359	Q63918	Q63918 [356-387]	0.032	1.772e-06	-4.96578428466209	5.75153628244897	Cavin2 S359
Cavin2	[R].GNNSAVGSNADLTIEEDEEEEPVALQQAQQVR.[Y]	2xPhospho [S4(100); S8(100)]	S363	Q63918	Q63918 [356-387]	0.032	1.772e-06	-4.96578428466209	5.75153628244897	Cavin2 S363
Cavin3	[K].VPELLGPEDQLVLGPDQPEDEVGESSEEEPVESR.[A]	2xPhospho [S25(100); S26(100)]	S165	Q91VJ2	Q91VJ2 [141-174]	0.01	7.931e-16	-6.64385618977472	15.1006720501223	Cavin3 S165
Cavin3	[K].VPELLGPEDQLVLGPDQPEDEVGESSEEEPVESR.[A]	2xPhospho [S25(100); S26(100)]	S166	Q91VJ2	Q91VJ2 [141-174]	0.01	7.931e-16	-6.64385618977472	15.1006720501223	Cavin3 S166
Cbx1	[K].ADSDSEDKGEESKPK.[K]	1xPhospho [S3(100)]	S89	P83917	P83917 [87-101]	100	7.931e-16	6.64385618977472	15.1006720501223	Cbx1 S89
Ccdc43	[K].AALLAQYADVTDEEDEADKKDDAGASTANVSSDR.[T]	1xPhospho [T11(100)]	T137	Q9CR29	Q9CR29 [127-160]	0.099	0.002839	-3.33642766458248	2.54683460747414	Ccdc43 T137
Cckar	[K].RLSSGGGGGGGSSSSR.[Y]	2xPhospho [S3(100); S12(100)]	S256	O08786	O08786 [254-269]	100	7.931e-16	6.64385618977472	15.1006720501223	Cckar S256
Cckar	[K].RLSSGGGGGGGSSSSR.[Y]	2xPhospho [S3(100); S12(100)]	S265	O08786	O08786 [254-269]	100	7.931e-16	6.64385618977472	15.1006720501223	Cckar S265
Cckar	[R].ASLSRYSYSHMSTSAPPH.[-]	1xOxidation [M11]; 2xPhospho [S4(98.9); S7(98.9)]	S422	O08786	O08786 [419-436]	9.793	2.702e-05	3.29175088456027	4.56831465531399	Cckar S422
Cckar	[R].ASLSRYSYSHMSTSAPPH.[-]	1xOxidation [M11]; 2xPhospho [S4(98.9); S7(98.9)]	S425	O08786	O08786 [419-436]	9.793	2.702e-05	3.29175088456027	4.56831465531399	Cckar S425
Cckar	[R].ASLSRYSYSHMSTSAPPH.[-]	3xPhospho [S7(100); S12(100); S/Y/T]	S430	O08786	O08786 [419-436]	15.36	0.01441	3.94110631094643	1.84133601918601	Cckar S430
Cers2	[K].LIEDERSDR.[E]	1xPhospho [S7(100)]	S341	Q924Z4	Q924Z4 [335-343]	7.164	4.172e-07	2.84076533732387	6.37965570024551	Cers2 S341
Cgnl1	[K].HSPSSPPAK.[L]	1xPhospho [S5(99.7)]	S443	Q6AW69	Q6AW69 [439-447]	19.71	0.04836	4.30085587126876	1.31551370781127	Cgnl1 S443
Chd4	[K].MSQPGSPSPK.[T]	1xPhospho [S6(99.6)]	S1528	Q6PDQ2	Q6PDQ2 [1523-1532]	0.091	2.954e-07	-3.45798964446339	6.52958950902407	Chd4 S1528
Chd4	[K].EDNSEGEEILEEVGGDPEEEDDHHMEFCR.[V]	1xCarbamidomethyl [C28]; 1xPhospho [S4(100)]	S421	Q6PDQ2	Q6PDQ2 [418-446]	0.043	4.889e-05	-4.53951952995999	4.31077996273616	Chd4 S421
Cherp	[R].SRSPTPPSAAGLGSNSAPPIPDSR.[L]	3xPhospho [S1(100); S3(100); T5(100)]	S824	Q8CGZ0	Q8CGZ0 [824-847]	0.061	0.04548	-4.0350469470992	1.3421795439843	Cherp S824
Cherp	[R].SRSPTPPSAAGLGSNSAPPIPDSR.[L]	3xPhospho [S1(100); S3(100); T5(100)]	S826	Q8CGZ0	Q8CGZ0 [824-847]	0.061	0.04548	-4.0350469470992	1.3421795439843	Cherp S826
Cherp	[R].SRSPTPPSAAGLGSNSAPPIPDSR.[L]	3xPhospho [S1(100); S3(100); T5(100)]	T828	Q8CGZ0	Q8CGZ0 [824-847]	0.061	0.04548	-4.0350469470992	1.3421795439843	Cherp T828
Clip1	[K].TASESISNLSEAGSVK.[K]	3xPhospho [S5(100); S10(100); S14(100)]	S194	Q922J3	Q922J3 [190-205]	0.067	0.003527	-3.89969509420431	2.45259454033251	Clip1 S194
Clip1	[K].TASESISNLSEAGSVK.[K]	3xPhospho [S5(100); S10(100); S14(100)]	S199	Q922J3	Q922J3 [190-205]	0.067	0.003527	-3.89969509420431	2.45259454033251	Clip1 S199
Clip1	[K].TASESISNLSEAGSVK.[K]	3xPhospho [S5(100); S10(100); S14(100)]	S203	Q922J3	Q922J3 [190-205]	0.067	0.003527	-3.89969509420431	2.45259454033251	Clip1 S203
Cltc	[K].GILRTPDTIR.[R]	1xPhospho [T5(100)]	T394	Q68FD5	Q68FD5 [390-399]	7.072	5.609e-07	2.82211827472934	6.25111455999048	Cltc T394
Cobll1	[R].QSSLTFQSSDPEHVR.[Q]	1xPhospho [S3(100)]	S1215	Q3UMF0	Q3UMF0 [1213-1227]	9.737	2.422e-09	3.28347734193776	8.61582586119297	Cobll1 S1215
Cobll1	[R].ITVEKDPDSALGISDGETSPSSK.[G]	2xPhospho [S14(100); S19(100)]	S546	Q3UMF0	Q3UMF0 [533-555]	0.027	8.893e-05	-5.21089678249862	4.05095170768434	Cobll1 S546
Cobll1	[R].ITVEKDPDSALGISDGETSPSSK.[G]	2xPhospho [S14(100); S19(100)]	S551	Q3UMF0	Q3UMF0 [533-555]	0.027	8.893e-05	-5.21089678249862	4.05095170768434	Cobll1 S551
Col1a1	[K].SAGVSVPGPMGPSGPR.[G]	1xPhospho [S13(100)]	S173	P11087	P11087 [161-176]	28.15	1.042e-05	4.81506301719287	4.98213228103649	Col1a1 S173
Col3a1	[R].GENGSPGAPGAPGHPGPPGPVGPSGK.[S]	1xPhospho [S5(98.3)]	S1038	P08121	P08121 [1034-1059]	0.1	0.004247	-3.32192809488736	2.37191773900932	Col3a1 S1038
Coro1a	[R].ATPEPSGTPSSDTVSR.[L]	1xPhospho [T2(100)]	T418	O89053	O89053 [417-432]	0.016	7.931e-16	-5.96578428466209	15.1006720501223	Coro1a T418
Ctnnd1	[R].APSRQDVYGPQPQVR.[V]	1xPhospho [S3(100)]	S252	P30999	P30999 [250-264]	13.97	1.45e-06	3.80426011563474	5.83863199776502	Ctnnd1 S252
Ctnnd1	[R].GSLASLDSLRK.[G]	3xPhospho [S2(100); S5(100); S8(100)]	S346	P30999	P30999 [345-355]	0.025	2.232e-08	-5.32192809488736	7.65130580973446	Ctnnd1 S346
Ctnnd1	[R].GSLASLDSLRK.[G]	3xPhospho [S2(100); S5(100); S8(100)]	S349	P30999	P30999 [345-355]	0.025	2.232e-08	-5.32192809488736	7.65130580973446	Ctnnd1 S349
Ctnnd1	[R].GSLASLDSLRK.[G]	3xPhospho [S2(100); S5(100); S8(100)]	S352	P30999	P30999 [345-355]	0.025	2.232e-08	-5.32192809488736	7.65130580973446	Ctnnd1 S352
Ctnnd1	[R].TLDRSGDLGDMEPLK.[G]	1xOxidation [M11]; 1xPhospho [S5(100)]	S920	P30999	P30999 [916-930]	16.69	0.0005969	4.06091204958787	3.22409842110833	Ctnnd1 S920
Dbnl	[K].QLTQPETSYGR.[E]	1xPhospho [T3(100)]	T299	Q62418	Q62418 [297-307]	6.05	0.01852	2.59693514238723	1.73235901765408	Dbnl T299
Denr	[K].LTVENSPKQETGITEGQGPVGEEEEK.[K]	1xPhospho [S6(98.1)]	S73	Q9CQJ6	Q9CQJ6 [68-93]	12.69	0.004997	3.66562016406638	2.30129065055741	Denr S73
Dkc1	[R].KRDSESESDETPTVPQLK.[E]	2xPhospho [S4(100); S6(100)]	S451	Q9ESX5	Q9ESX5 [448-465]	0.018	1.946e-09	-5.79585928321977	8.71085716406767	Dkc1 S451
Dkc1	[R].KRDSESESDETPTVPQLK.[E]	2xPhospho [S4(100); S6(100)]	S453	Q9ESX5	Q9ESX5 [448-465]	0.018	1.946e-09	-5.79585928321977	8.71085716406767	Dkc1 S453
Dkc1	[R].KRDSESESDETPTVPQLK.[E]	3xPhospho [S4(100); S6(100); S8(100)]	S455	Q9ESX5	Q9ESX5 [448-465]	0.022	0.008198	-5.50635266602479	2.08629208601952	Dkc1 S455
Dnajc1	[K].DFDISEQNDSSDEEK.[Q]	2xPhospho [S10(100); S11(100)]	S477	Q61712	Q61712 [468-482]	0.014	7.931e-16	-6.15842936260448	15.1006720501223	Dnajc1 S477
Dnajc1	[K].DFDISEQNDSSDEEK.[Q]	2xPhospho [S10(100); S11(100)]	S478	Q61712	Q61712 [468-482]	0.014	7.931e-16	-6.15842936260448	15.1006720501223	Dnajc1 S478
Dnajc2	[K].ELSEESEDEELQLEEFPMLK.[T]	1xPhospho [S3(99.3)]	S60	P54103	P54103 [58-77]	0.031	3.699e-12	-5.01158797427521	11.4319156686846	Dnajc2 S60
Dnajc2	[K].KELSEESEDEELQLEEFPMLK.[T]	2xPhospho [S4(100); S7(100)]	S63	P54103	P54103 [57-77]	0.111	0.04631	-3.17136841831198	1.33432521900611	Dnajc2 S63
Dock7	[R].KGSWSER.[R]	1xPhospho [S3(100)]	S432	Q8R1A4	Q8R1A4 [430-436]	100	7.931e-16	6.64385618977472	15.1006720501223	Dock7 S432
Edc4	[K].GPGQVSTAASALSLDLQEVEPLGLPQASPSR.[T]	1xPhospho [S28(99.4)]	S727	Q3UJB9	Q3UJB9 [700-730]	10.52	0.01953	3.39506279951758	1.70929775671215	Edc4 S727
Eef1b	[K].YGPSSVEDTTGSGAADAKDDDDIDLFGSDDEEESEEAKK.[L]	1xPhospho [S28(100)]	S106	O70251	O70251 [79-117]	0.012	7.931e-16	-6.38082178394093	15.1006720501223	Eef1b S106
Eef1b	[K].YGPSSVEDTTGSGAADAKDDDDIDLFGSDDEEESEEAK.[K]	2xPhospho [S12(99); S28(100)]	S90	O70251	O70251 [79-116]	0.049	0.004682	-4.35107444054688	2.32956859063939	Eef1b S90
Eef1d	[K].GATPAEDDEDKDIDLFGSDEEEEDKEAAR.[L]	2xPhospho [T3(100); S18(100)]	S162	P57776	P57776 [145-173]	0.014	7.931e-16	-6.15842936260448	15.1006720501223	Eef1d S162
Eef1d	[K].GATPAEDDEDKDIDLFGSDEEEEDKEAAR.[L]	2xPhospho [T3(100); S18(100)]	T147	P57776	P57776 [145-173]	0.014	7.931e-16	-6.15842936260448	15.1006720501223	Eef1d T147
Eef2	[R].IMGPNYTPGKK.[E]	1xPhospho [T7(100)]	T435	P58252	P58252 [429-439]	6.553	0.00479	2.71215553172805	2.31966448658544	Eef2 T435
Eef2k	[R].LLQSAKTILR.[G]	1xPhospho [T7(100)]	T347	O08796	O08796 [341-350]	10.16	0.004093	3.34482849699744	2.38795825535473	Eef2k T347
Eif3b	[R].QQPASESPPTDEAAGSGGSEVGQTEDAEEDAEAGPEPEVR.[A]	2xPhospho [S16(100); S19(100)]	S37	Q8JZQ9	Q8JZQ9 [22-61]	0.021	5.853e-12	-5.57346686188333	11.2326214758858	Eif3b S37
Eif3b	[R].QQPASESPPTDEAAGSGGSEVGQTEDAEEDAEAGPEPEVR.[A]	2xPhospho [S16(100); S19(100)]	S40	Q8JZQ9	Q8JZQ9 [22-61]	0.021	5.853e-12	-5.57346686188333	11.2326214758858	Eif3b S40
Eif3b	[R].AKPAAQSEEETATSPAASPTPQSAER.[S]	3xPhospho [S7(98.2); S18(100); T/S]	S68	Q8JZQ9	Q8JZQ9 [62-87]	0.127	0.01654	-2.97709959788992	1.78146449478347	Eif3b S68
Eif3b	[R].AKPAAQSEEETATSPAASPTPQSAER.[S]	3xPhospho [S7(98.2); S18(100); T/S]	S79	Q8JZQ9	Q8JZQ9 [62-87]	0.127	0.01654	-2.97709959788992	1.78146449478347	Eif3b S79
Eif3c	[K].QNPEQSADEDAEK.[N]	1xPhospho [S6(100)]	S166	Q8R1B4	Q8R1B4 [161-173]	4.737	0.0001561	2.24397367191931	3.80659709693758	Eif3c S166
Eif3c	[K].QPLLLSEDEEDTK.[R]	1xPhospho [S6(100)]	S39	Q8R1B4	Q8R1B4 [34-46]	4.808	0.0003246	2.2654368960491	3.48865148450979	Eif3c S39
Eif3c	[R].QLTPPEGSSK.[S]	1xPhospho [T3(100)]	T522	Q8R1B4	Q8R1B4 [520-529]	54.99	7.931e-16	5.78109738148632	15.1006720501223	Eif3c T522
Eif3g	[K].GIPLPTGDTSPEPELLPGDPLPPPK.[E]	2xPhospho [T9(100); S10(100)]	S42	Q9Z1D1	Q9Z1D1 [33-57]	0.125	2.25e-08	-3	7.64781748188864	Eif3g S42
Eif3g	[K].GIPLPTGDTSPEPELLPGDPLPPPK.[E]	2xPhospho [T9(100); S10(100)]	T41	Q9Z1D1	Q9Z1D1 [33-57]	0.125	2.25e-08	-3	7.64781748188864	Eif3g T41
Eif3h	[K].DFSPEALKK.[A]	1xPhospho [S3(100)]	S183	Q91WK2	Q91WK2 [181-189]	0.052	0.04556	-4.265344566521	1.34141628459294	Eif3h S183
Eif3j1	[K].LQEESDLELAK.[E]	1xPhospho [S5(100)]	S130	Q3UGC7	Q3UGC7 [126-136]	0.041	0.01064	-4.608232280044	1.97305837204097	Eif3j1 S130
Eif4b	[K].SLENETLNKEEDCHSPTSKPPKPDQPLK.[V]	1xCarbamidomethyl [C13]; 2xPhospho [S1(100); S15(100)]	S445	Q8BGD9	Q8BGD9 [445-472]	0.071	2.633e-06	-3.81603716515741	5.57954914089393	Eif4b S445
Eif4b	[K].SLENETLNKEEDCHSPTSKPPKPDQPLK.[V]	1xCarbamidomethyl [C13]; 2xPhospho [S1(100); S15(100)]	S459	Q8BGD9	Q8BGD9 [445-472]	0.071	2.633e-06	-3.81603716515741	5.57954914089393	Eif4b S459
Eif4ebp1	[K].TPPKDLPAIPGVTSPTSDEPPMQASQSQLPSSPEDKR.[A]	1xOxidation [M22]; 1xPhospho [T1(100)]	T69	Q60876	Q60876 [69-105]	0.047	5.592e-06	-4.41119543298445	5.25243283726237	Eif4ebp1 T69
Eif4g1	[R].EATLPPVSPPKAALSVDEVEKK.[S]	1xPhospho [S8(100)]	S1231	Q6NZJ6	Q6NZJ6 [1224-1245]	28.29	1.279e-10	4.82222027162153	9.89312945552135	Eif4g1 S1231
Eif4g3	[K].AESESDGQAEETADPQSLHSGR.[S]	1xPhospho [S5(99.4)]	S472	Q80XI3	Q80XI3 [468-489]	5.862	0.009752	2.55139296802745	2.01090630738967	Eif4g3 S472
Eif5b	[K].KTSFDENDSEELEDK.[D]	2xPhospho [S3(99.7); S9(100)]	S108	Q05D44	Q05D44 [106-120]	0.257	0.02668	-1.96015973546821	1.57381417475549	Eif5b S108
Eif5b	[K].KTSFDENDSEELEDKDSK.[S]	2xPhospho [S9(100); T/S]	S114	Q05D44	Q05D44 [106-123]	0.017	1.778e-13	-5.87832144341175	12.7500682433658	Eif5b S114
Eif5b	[K].TARPNSEAPLSGSEDADDSNK.[L]	2xPhospho [S11(100); S13(100)]	S137	Q05D44	Q05D44 [127-147]	0.086	6.355e-11	-3.53951952995999	10.19688444511	Eif5b S137
Eif5b	[K].TARPNSEAPLSGSEDADDSNK.[L]	2xPhospho [S11(100); S13(100)]	S139	Q05D44	Q05D44 [127-147]	0.086	6.355e-11	-3.53951952995999	10.19688444511	Eif5b S139
Eif5b	[K].EETPPSVEPEEEEDTEDAGLDDWEAMASDEER.[E]	2xPhospho [T15(100); S28(100)]	S510	Q05D44	Q05D44 [483-514]	0.046	0.00653	-4.44222232860507	2.18508681872493	Eif5b S510
Eif5b	[K].EETPPSVEPEEEEDTEDAGLDDWEAMASDEER.[E]	2xPhospho [T15(100); S28(100)]	T497	Q05D44	Q05D44 [483-514]	0.046	0.00653	-4.44222232860507	2.18508681872493	Eif5b T497
Eloa	[R].SPEEDQEPIISHQKPGK.[V]	1xPhospho [S1(100)]	S195	Q8CB77	Q8CB77 [195-211]	0.249	0.003243	-2.00578235259401	2.48905305132703	Eloa S195
Eloa	[K].KFSPALDVASDNHFK.[K]	1xPhospho [S3(100)]	S309	Q8CB77	Q8CB77 [307-321]	0.038	0.001559	-4.7178567712185	2.80715388481116	Eloa S309
Erich5	[R].FGSGVTSNENSSTVEHNK.[F]	1xPhospho [S12(97.4)]	S28	Q8K0S2	Q8K0S2 [17-34]	0.059	0.04572	-4.08314123530025	1.33989377827676	Erich5 S28
Flna	[K].CSGPGLSPGMVR.[A]	1xCarbamidomethyl [C1]; 1xPhospho [S7(100)]	S1459	Q8BTM8	Q8BTM8 [1453-1464]	30.06	2.928e-06	4.90977310414164	5.53342892761365	Flna S1459
Flna	[R].FGGEHVPNSPFQVTALAGDQPTVQTPLR.[S]	1xPhospho [T25(99.3)]	T1750	Q8BTM8	Q8BTM8 [1726-1753]	14.05	0.02101	3.81249822533356	1.67757394759405	Flna T1750
Fn1	[R].TNTNVNCPIECFMPLDVQADRDDSRE.[-]	2xCarbamidomethyl [C7; C11]; 1xOxidation [M13]; 1xPhospho [S24(100)]	S2475	P11276	P11276 [2452-2477]	0.028	7.319e-06	-5.15842936260448	5.13554825284182	Fn1 S2475
Fndc3a	[K].CPSPISEHNGLIK.[G]	1xCarbamidomethyl [C1]; 1xPhospho [S3(100)]	S213	Q8BX90	Q8BX90 [211-223]	5.985	3.744e-06	2.58135124716878	5.42666415993393	Fndc3a S213
Fundc1	[R].NPPPQDYESDDESYEVLDLTEYAR.[R]	1xPhospho [S9(100)]	S13	Q9DB70	Q9DB70 [5-28]	13.21	0.003773	3.7235585614721	2.423313194799	Fundc1 S13
G3bp2	[R].YEDEVFGDSEPELDEESEDEVEEEQEDR.[Q]	2xPhospho [S9(100); S17(100)]	S141	P97379	P97379 [133-160]	0.019	4.216e-09	-5.7178567712185	8.37509939779551	G3bp2 S141
G3bp2	[R].YEDEVFGDSEPELDEESEDEVEEEQEDR.[Q]	2xPhospho [S9(100); S17(100)]	S149	P97379	P97379 [133-160]	0.019	4.216e-09	-5.7178567712185	8.37509939779551	G3bp2 S149
Gapdh	[K].VIHDNFGIVEGLMTTVHAITATQK.[T]	1xOxidation [M13]; 1xPhospho [T22(100)]	T182	P16858	P16858 [161-184]	18.88	0.0002211	4.23878685958712	3.65541125742129	Gapdh T182
Gcg	[R].HADGSFSDEMSTILDNLATR.[D]	1xOxidation [M10]; 2xPhospho [S5(100); S7(100)]	S150	P55095	P55095 [146-165]	0.018	2.065e-07	-5.79585928321977	6.68507994400758	Gcg S150
Gcg	[R].HADGSFSDEMSTILDNLATR.[D]	1xOxidation [M10]; 2xPhospho [S5(100); S7(100)]	S152	P55095	P55095 [146-165]	0.018	2.065e-07	-5.79585928321977	6.68507994400758	Gcg S152
Gnl1	[R].EEQTDTSDGESVTHHIR.[R]	1xPhospho [S7(100)]	S51	P36916	P36916 [45-61]	0.114	0.0014	-3.13289427049735	2.85387196432176	Gnl1 S51
Gphn	[R].CSSKENILR.[A]	1xCarbamidomethyl [C1]; 1xPhospho [S3(100)]	S328	Q8BUV3	Q8BUV3 [326-334]	100	7.931e-16	6.64385618977472	15.1006720501223	Gphn S328
Gsk3b	[R].TTSFAESCKPVQQPSAFGSMK.[V]	1xCarbamidomethyl [C8]; 1xPhospho [S3(98.4)]	S9	Q9WV60	Q9WV60 [7-27]	23.23	0.01329	4.53791724903408	1.87647501905727	Gsk3b S9
Gtpbp1	[R].LHGGFDSDCSEDGEALNGEPELDLTSK.[L]	1xCarbamidomethyl [C9]; 2xPhospho [S7(100); S10(100)]	S44	O08582	O08582 [38-64]	0.01	7.931e-16	-6.64385618977472	15.1006720501223	Gtpbp1 S44
Gtpbp1	[R].LHGGFDSDCSEDGEALNGEPELDLTSK.[L]	1xCarbamidomethyl [C9]; 2xPhospho [S7(100); S10(100)]	S47	O08582	O08582 [38-64]	0.01	7.931e-16	-6.64385618977472	15.1006720501223	Gtpbp1 S47
Hbb-b1	[R].YFDSFGDLSSASAIMGNAK.[V]	1xOxidation [M15]; 1xPhospho [S12(100)]	S53	P02088	P02088 [42-60]	0.093	0.00506	-3.42662547355406	2.2958494831602	Hbb-b1 S53
Hbb-b1	[K].VITAFNDGLNHLDSLK.[G]	1xPhospho [S14(100)]	S81	P02088	P02088 [68-83]	0.311	0.006709	-1.68501351453148	2.17334220812413	Hbb-b1 S81
Hdac2	[R].MLPHAPGVQMQAIPEDAVHEDSGDEDGEDPDKR.[I]	1xPhospho [S22(100)]	S394	P70288	P70288 [373-405]	0.06	6.692e-05	-4.05889368905357	4.17444406770964	Hdac2 S394
Hdac2	[R].IACDEEFSDSEDEGEGGR.[R]	1xCarbamidomethyl [C3]; 2xPhospho [S8(100); S10(100)]	S422	P70288	P70288 [415-432]	0.102	0.04907	-3.29335894269059	1.30918394201908	Hdac2 S422
Hdac2	[R].IACDEEFSDSEDEGEGGR.[R]	1xCarbamidomethyl [C3]; 2xPhospho [S8(100); S10(100)]	S424	P70288	P70288 [415-432]	0.102	0.04907	-3.29335894269059	1.30918394201908	Hdac2 S424
Hdgf	[K].GSAEGSSDEEGKLVIDEPAK.[E]	2xPhospho [S6(100); S7(100)]	S132	P51859	P51859 [127-146]	0.025	2.165e-06	-5.32192809488736	5.66454209931062	Hdgf S132
Hdgf	[K].GSAEGSSDEEGKLVIDEPAK.[E]	2xPhospho [S6(100); S7(100)]	S133	P51859	P51859 [127-146]	0.025	2.165e-06	-5.32192809488736	5.66454209931062	Hdgf S133
Hnrnpa3	[R].SSGSPYGGGYGSGGGSGGYGSR.[R]	1xPhospho [S4(100)]	S359	Q8BG05	Q8BG05 [356-377]	16.42	0.006421	4.03738222200308	2.19239733008351	Hnrnpa3 S359
Hnrnpc	[K].MESEAGADDSAEEGDLLDDDDNEDRGDDQLELK.[D]	1xPhospho [S10(100)]	S268	Q9Z204	Q9Z204 [259-291]	0.182	2.509e-05	-2.45798964446339	4.60049933868539	Hnrnpc S268
Hnrnpc	[K].EPEEGEDDRDSANGEDDS.[-]	1xPhospho [S18(99.4)]	S313	Q9Z204	Q9Z204 [296-313]	17.69	1.502e-08	4.14486214291573	7.82333006733185	Hnrnpc S313
Hnrnpk	[K].IIPTLEEGLQLPSPTATSQLPLESDAVECLNYQHYK.[G]	1xCarbamidomethyl [C29]; 1xPhospho [S13(99.2)]	S116	P61979	P61979 [104-139]	18.56	9.746e-12	4.21412480535285	11.0111735929547	Hnrnpk S116
Hnrnpu	[R].AKSPQPPVEEEDEHFDDTVVCLDTYNCDLHFK.[I]	2xCarbamidomethyl [C21; C27]; 1xPhospho [S3(100)]	S247	Q8VEK3	Q8VEK3 [245-276]	3.422	0.04804	1.77483975982733	1.31839700126913	Hnrnpu S247
Hsp90aa1	[K].EEKESDDKPEIEDVGSDEEEEEK.[K]	2xPhospho [S5(100); S16(100)]	S252	P07901	P07901 [248-270]	0.091	0.02407	-3.45798964446339	1.61852390972497	Hsp90aa1 S252
Hsp90aa1	[K].ESDDKPEIEDVGSDEEEEEKKDGDK.[K]	1xPhospho [S13(100)]	S263	P07901	P07901 [251-275]	0.199	9.62e-05	-2.32915966411844	4.01682492796219	Hsp90aa1 S263
Hsp90ab1	[R].EKEISDDEAEEEK.[G]	1xPhospho [S5(100)]	S226	P11499	P11499 [222-234]	3.034	0.01636	1.60122108558495	1.7862167006647	Hsp90ab1 S226
Hsp90ab1	[K].IEDVGSDEEDDSGKDKK.[K]	1xPhospho [S6(100)]	S255	P11499	P11499 [250-266]	0.035	7.931e-16	-4.83650126771712	15.1006720501223	Hsp90ab1 S255
Hspb1	[R].QLSSGVSEIR.[Q]	1xPhospho [S3(100)]	S86	P14602	P14602 [84-93]	4.476	0.0003093	2.16221003631431	3.50962007999682	Hspb1 S86
Irag2	[R].SSSLNSKPSSLR.[R]	1xPhospho [S3(97.4)]	S347	Q60664	Q60664 [345-356]	20.7	0.0008029	4.37155886261196	3.09533854208448	Irag2 S347
Irf2bp2	[R].NSSSPPSPSSMNQR.[R]	1xPhospho [S4(99.3)]	S440	E9Q1P8	E9Q1P8 [437-450]	17.16	0.0007653	4.10097764772482	3.11616828667055	Irf2bp2 S440
Isoc1	[K].ASAPESGLLSK.[V]	1xPhospho [S10(99.3)]	S295	Q91V64	Q91V64 [286-296]	18.12	0.01826	4.17951105027151	1.73849922680172	Isoc1 S295
Itgb4	[K].QLLVEAIDVPVGTATLGR.[R]	1xPhospho [T13(100)]	T973	A2A863	A2A863 [961-978]	35.34	1.051e-05	5.14323013477689	4.97839728397176	Itgb4 T973
Krt18	[R].LLEDGEDFSLNDALDSSNSMQTVQK.[T]	1xOxidation [M20]; 1xPhospho [S19(100)]	S394	P05784	P05784 [376-400]	0.048	0.02206	-4.38082178394093	1.65639449189583	Krt18 S394
Krt20	[R].LGAAPSVYGGAGGHGTR.[I]	1xPhospho [S6(100)]	S41	Q9D312	Q9D312 [36-52]	6.392	0.02609	2.67626740826589	1.58352592089978	Krt20 S41
Lad1	[R].SVERLPSVEEAEVSKPSPPASK.[D]	2xPhospho [S1(100); S7(100)]	S56	P57016	P57016 [56-77]	0.053	0.01659	-4.23786383009889	1.78015361397564	Lad1 S56
Lad1	[R].SVERLPSVEEAEVSKPSPPASK.[D]	2xPhospho [S1(100); S7(100)]	S62	P57016	P57016 [56-77]	0.053	0.01659	-4.23786383009889	1.78015361397564	Lad1 S62
Larp1	[R].CPSQSSSRPATGISQPPTTPTGQATR.[E]	1xCarbamidomethyl [C1]; 1xPhospho [S3(100)]	S1032	Q6ZQ58	Q6ZQ58 [1030-1055]	3.958	0.0009816	1.98477161238543	3.00806545028105	Larp1 S1032
Larp1	[K].VEPAWHDQDETSSVKSDGAGGAR.[A]	1xPhospho [S16(100)]	S302	Q6ZQ58	Q6ZQ58 [287-309]	3.975	0.001186	1.99095486039699	2.92591531097176	Larp1 S302
Larp1	[R].ESPRPPAAAEAPAGSDGEDGGRR.[D]	2xPhospho [S2(100); S15(100)]	S68	Q6ZQ58	Q6ZQ58 [67-89]	0.03	5.133e-07	-5.05889368905357	6.28962873573924	Larp1 S68
Larp1	[R].ESPRPPAAAEAPAGSDGEDGGRR.[D]	2xPhospho [S2(100); S15(100)]	S81	Q6ZQ58	Q6ZQ58 [67-89]	0.03	5.133e-07	-5.05889368905357	6.28962873573924	Larp1 S81
Larp1	[R].TASISSSPSEGTPAVGSYGCTPQSLPK.[F]	1xCarbamidomethyl [C20]; 1xPhospho [S3(100)]	S824	Q6ZQ58	Q6ZQ58 [822-848]	10.58	0.003501	3.4032677223393	2.45580788923497	Larp1 S824
Lbr	[K].SGSISSSPSR.[R]	2xPhospho [S3(100); S7(99.1)]	S67	Q3U9G9	Q3U9G9 [65-74]	8.743	0.01811	3.12812839900347	1.74208154968594	Lbr S67
Lbr	[K].SGSISSSPSR.[R]	2xPhospho [S3(100); S7(99.1)]	S71	Q3U9G9	Q3U9G9 [65-74]	8.743	0.01811	3.12812839900347	1.74208154968594	Lbr S71
Map2	[K].DKVTDGISKSPEK.[R]	1xPhospho [S10(100)]	S1539	P20357	P20357 [1530-1542]	5.231	0.0004547	2.38708677001591	3.34227504579489	Map2 S1539
Map2	[K].ARVDHGAEIITQSPSR.[S]	1xPhospho [S13(99.7)]	S1783	P20357	P20357 [1771-1786]	0.148	0.01269	-2.75633091903314	1.8965383779053	Map2 S1783
Map2	[K].SGTSTPTTPGSTAITPGTPPSYSSR.[T]	3xPhospho [T18(100); S/T/Y]	T1609	P20357	P20357 [1592-1616]	0.056	0.01246	-4.15842936260448	1.90448195767685	Map2 T1609
Map2	[R].TPPKSPATPK.[Q]	1xPhospho [T1(100)]	T1650	P20357	P20357 [1650-1659]	0.368	0.02833	-1.44222232860507	1.54775342547956	Map2 T1650
Map4	[K].DMSPLPESEVTLGK.[D]	1xOxidation [M2]; 1xPhospho [S3(100)]	S475	P27546	P27546 [473-486]	0.04	0.02033	-4.64385618977472	1.69186262136196	Map4 S475
Map7	[R].LSSSSATLLNSPDR.[A]	1xPhospho [S11(100)]	S209	O88735	O88735 [199-212]	0.096	0.04633	-3.38082178394093	1.33413769979684	Map7 S209
Map7	[R].TLSPSNLK.[A]	1xPhospho [S3(100)]	S316	O88735	O88735 [314-321]	24.37	7.528e-05	4.60703434594862	4.1233203895808	Map7 S316
Marcks	[K].SFKLSGFSFK.[K]	3xPhospho [S1(100); S5(100); S8(100)]	S156	P26645	P26645 [156-165]	0.057	0.02091	-4.13289427049735	1.67964596718233	Marcks S156
Marcks	[K].SFKLSGFSFK.[K]	3xPhospho [S1(100); S5(100); S8(100)]	S160	P26645	P26645 [156-165]	0.057	0.02091	-4.13289427049735	1.67964596718233	Marcks S160
Marcks	[K].SFKLSGFSFK.[K]	3xPhospho [S1(100); S5(100); S8(100)]	S163	P26645	P26645 [156-165]	0.057	0.02091	-4.13289427049735	1.67964596718233	Marcks S163
Matr3	[R].RDSFDDR.[G]	1xPhospho [S3(100)]	S188	Q8K310	Q8K310 [186-192]	3.963	0.0007973	1.9865929673059	3.09837823590664	Matr3 S188
Mecp2	[K].HEPLQPSAHHSAEPAEAGKAETSESSGSAPAVPEASASPK.[Q]	1xPhospho [S38(100)]	S80	Q9Z2D6	Q9Z2D6 [43-82]	13.5	0.02563	3.75488750216347	1.59125139381576	Mecp2 S80
Mia2	[R].SLSPPWEQDR.[R]	2xPhospho [S1(100); S3(100)]	S1188	Q91ZV0	Q91ZV0 [1188-1197]	0.182	0.03904	-2.45798964446339	1.40849019100535	Mia2 S1188
Mia2	[R].SLSPPWEQDR.[R]	2xPhospho [S1(100); S3(100)]	S1190	Q91ZV0	Q91ZV0 [1188-1197]	0.182	0.03904	-2.45798964446339	1.40849019100535	Mia2 S1190
Mindy1	[R].TRAPSPQGR.[G]	1xPhospho [S5(100)]	S440	Q76LS9	Q76LS9 [436-444]	9.305	0.01326	3.21800615028443	1.87745647593125	Mindy1 S440
Mta2	[R].GHLSRPEAQSLSPYTTSANR.[A]	1xPhospho [S12(100)]	S435	Q9R190	Q9R190 [424-443]	14.09	0.01913	3.81659970653491	1.7182850299727	Mta2 S435
Mybbp1a	[K].QLQHGEDEDSDNEDNK.[N]	1xPhospho [S10(100)]	S722	Q7TPV4	Q7TPV4 [713-728]	15.16	1.444e-11	3.92219784839637	10.8404328067664	Mybbp1a S722
Myh11	[R].RVIENTDGSEEEMDAR.[D]	1xPhospho [S9(99.6)]	S1954	O08638	O08638 [1946-1961]	25.02	0.001616	4.6450098843911	2.79155864356143	Myh11 S1954
Myh9	[R].KGTGDCSDEEVDGKADGADAK.[A]	1xCarbamidomethyl [C6]; 1xPhospho [S7(100)]	S1943	Q8VDD5	Q8VDD5 [1937-1957]	0.176	0.0004829	-2.50635266602479	3.31614279459965	Myh9 S1943
Mylk	[R].KSSTGSPTSPINAEK.[L]	3xPhospho [S3(98.6); S6(100); S9(99.3)]	S1795	Q6PDN3	Q6PDN3 [1793-1807]	0.04	0.01227	-4.64385618977472	1.911155437273	Mylk S1795
Mylk	[R].KSSTGSPTSPINAEK.[L]	3xPhospho [S3(98.6); S6(100); S9(99.3)]	S1798	Q6PDN3	Q6PDN3 [1793-1807]	0.04	0.01227	-4.64385618977472	1.911155437273	Mylk S1798
Mylk	[R].KSSTGSPTSPINAEK.[L]	3xPhospho [S3(98.6); S6(100); S9(99.3)]	S1801	Q6PDN3	Q6PDN3 [1793-1807]	0.04	0.01227	-4.64385618977472	1.911155437273	Mylk S1801
Myo18a	[K].RFSFSQR.[S]	1xPhospho [S3(100)]	S140	Q9JMH9	Q9JMH9 [138-144]	0.011	7.931e-16	-6.50635266602479	15.1006720501223	Myo18a S140
Myo18a	[R].FSHSYLSDSDTEAK.[L]	2xPhospho [S7(100); S9(100)]	S2037	Q9JMH9	Q9JMH9 [2031-2044]	0.01	7.931e-16	-6.64385618977472	15.1006720501223	Myo18a S2037
Myo18a	[R].FSHSYLSDSDTEAK.[L]	2xPhospho [S7(100); S9(100)]	S2039	Q9JMH9	Q9JMH9 [2031-2044]	0.01	7.931e-16	-6.64385618977472	15.1006720501223	Myo18a S2039
Ncl	[K].KEDSDEDEDEEDEDDSDEDEDDEEEDEFEPPIVK.[G]	2xPhospho [S4(100); S16(100)]	S145	P09405	P09405 [142-175]	0.01	7.931e-16	-6.64385618977472	15.1006720501223	Ncl S145
Ncl	[K].KEDSDEDEDEEDEDDSDEDEDDEEEDEFEPPIVK.[G]	2xPhospho [S4(100); S16(100)]	S157	P09405	P09405 [142-175]	0.01	7.931e-16	-6.64385618977472	15.1006720501223	Ncl S157
Ncl	[K].AAPAAPASEDEEDDEDEDDEEDDDEEEEDDSEEEVMEITTAK.[G]	2xPhospho [S8(100); S31(100)]	S189	P09405	P09405 [182-223]	0.062	0.003795	-4.01158797427521	2.4207882197685	Ncl S189
Ncl	[K].AAPAAPASEDEEDDEDEDDEEDDDEEEEDDSEEEVMEITTAK.[G]	2xPhospho [S8(100); S31(100)]	S212	P09405	P09405 [182-223]	0.062	0.003795	-4.01158797427521	2.4207882197685	Ncl S212
Ndrg1	[-].MSRELHDVDLAEVKPLVEK.[G]	1xMet-loss+Acetyl [N-Term]; 1xPhospho [S2(100)]	S2	Q62433	Q62433 [1-19]	71.83	7.931e-16	6.166514610409	15.1006720501223	Ndrg1 S2
Nedd4	[R].QISEDVDGPDNR.[E]	1xPhospho [S3(100)]	S309	P46935	P46935 [307-318]	6.94	0.007586	2.79493566280354	2.11998716163323	Nedd4 S309
Nedd4	[K].RPSPDDDLTDEDNDDMQLQAQR.[A]	1xOxidation [M16]; 1xPhospho [T9(100)]	T287	P46935	P46935 [279-300]	0.093	0.0009432	-3.42662547355406	3.02539620791297	Nedd4 T287
Niban1	[K].HNLFEDNMALPSESVSSLTDLK.[T]	1xOxidation [M8]; 2xPhospho [S14(100); S17(99.5)]	S578	Q3UW53	Q3UW53 [565-586]	0.083	3.122e-06	-3.59074485331516	5.5055671012736	Niban1 S578
Niban1	[K].HNLFEDNMALPSESVSSLTDLK.[T]	1xOxidation [M8]; 2xPhospho [S14(100); S17(99.5)]	S581	Q3UW53	Q3UW53 [565-586]	0.083	3.122e-06	-3.59074485331516	5.5055671012736	Niban1 S581
Niban2	[K].QVMSVVQDEESGLPFEAGVEPPSPASPDSVTELR.[G]	1xPhospho [S4(100)]	S628	Q8R1F1	Q8R1F1 [625-658]	11.58	0.006914	3.53356334821451	2.16027062479361	Niban2 S628
Nolc1	[K].AAKESEEEEEEEETEEKK.[K]	1xPhospho [S5(100)]	S563	E9Q5C9	E9Q5C9 [559-576]	0.019	2.12e-10	-5.7178567712185	9.67366413907125	Nolc1 S563
Nop56	[K].KSSPKEEVASEPEEAASPTTPK.[K]	3xPhospho [S3(99.1); S10(100); S17(100)]	S529	Q9D6Z1	Q9D6Z1 [527-548]	9.545	0.01363	3.25474519762921	1.86550414416533	Nop56 S529
Nop56	[K].KSSPKEEVASEPEEAASPTTPK.[K]	3xPhospho [S3(99.1); S10(100); S17(100)]	S536	Q9D6Z1	Q9D6Z1 [527-548]	9.545	0.01363	3.25474519762921	1.86550414416533	Nop56 S536
Nop56	[K].KSSPKEEVASEPEEAASPTTPK.[K]	3xPhospho [S3(99.1); S10(100); S17(100)]	S543	Q9D6Z1	Q9D6Z1 [527-548]	9.545	0.01363	3.25474519762921	1.86550414416533	Nop56 S543
Nucks1	[R].KVVDYSQFQESDDADEDYGR.[D]	1xPhospho [S11(100)]	S19	Q80XU3	Q80XU3 [9-28]	0.022	5.056e-08	-5.50635266602479	7.29619293472567	Nucks1 S19
Nucks1	[K].NSQEDSEDSEEKDVK.[T]	2xPhospho [S6(100); S9(100)]	S58	Q80XU3	Q80XU3 [53-67]	5.803	0.002176	2.53679892889127	2.66234110897386	Nucks1 S58
Nucks1	[K].NSQEDSEDSEEKDVK.[T]	2xPhospho [S6(100); S9(100)]	S61	Q80XU3	Q80XU3 [53-67]	5.803	0.002176	2.53679892889127	2.66234110897386	Nucks1 S61
Nup214	[R].SNPSPPSAAMGSAVQHSAAK.[T]	1xPhospho [S4(100)]	S1139	Q80U93	Q80U93 [1136-1155]	7.348	0.002371	2.87735162644926	2.62506844602181	Nup214 S1139
Osbp	[K].MLAESDDSGDEESVSQTDK.[T]	2xPhospho [S5(100); S8(100)]	S188	Q3B7Z2	Q3B7Z2 [184-202]	0.02	5.527e-09	-5.64385618977472	8.25751053541823	Osbp S188
Osbp	[K].MLAESDDSGDEESVSQTDK.[T]	2xPhospho [S5(100); S8(100)]	S191	Q3B7Z2	Q3B7Z2 [184-202]	0.02	5.527e-09	-5.64385618977472	8.25751053541823	Osbp S191
Ostf1	[R].TLSNAEDYLDDEDSD.[-]	2xPhospho [S3(99.5); S14(100)]	S203	Q62422	Q62422 [201-215]	0.069	0.04218	-3.85725982788392	1.37489342459653	Ostf1 S203
Ostf1	[R].TLSNAEDYLDDEDSD.[-]	1xPhospho [S14(100)]	S214	Q62422	Q62422 [201-215]	0.047	1.806e-08	-4.41119543298445	7.74328225402251	Ostf1 S214
Pabpc1	[K].ITGMLLEIDNSELLHMLESPESLR.[S]	1xOxidation [M4]; 1xPhospho [S19(100)]	S599	P29341	P29341 [581-604]	14.66	0.009393	3.87381319835909	2.02719567766342	Pabpc1 S599
Pabpn1	[K].QMNMSPPPGNAGPVIMSLEEK.[M]	1xPhospho [S5(100)]	S146	Q8CCS6	Q8CCS6 [142-162]	23.67	0.002849	4.56498780095989	2.54530755076052	Pabpn1 S146
Palld	[R].SRDSGDENEPIQER.[F]	1xPhospho [S4(100)]	S1146	Q9ET54	Q9ET54 [1143-1156]	0.349	0.04544	-1.51870105845243	1.34256167729704	Palld S1146
Parva	[K].SPTPKSPPSR.[K]	1xPhospho [S6(100)]	S19	Q9EPC1	Q9EPC1 [14-23]	47.16	7.931e-16	5.55949181320504	15.1006720501223	Parva S19
Pbdc1	[K].GADSGGEKEEGANR.[E]	1xPhospho [S4(100)]	S184	Q9D0B6	Q9D0B6 [181-194]	20.73	0.02937	4.37364821133469	1.5320960534772	Pbdc1 S184
Pcbp1	[R].QQSHFAMMHGGTGFAGIDSSSPEVK.[G]	1xPhospho [S3(100)]	S246	P60335	P60335 [244-268]	14.95	0.001322	3.90207357931074	2.87876854485038	Pcbp1 S246
Pdap1	[K].SLDSDESEDEDDDYQQK.[R]	2xPhospho [S4(100); S7(100)]	S60	Q3UHX2	Q3UHX2 [57-73]	0.01	7.931e-16	-6.64385618977472	15.1006720501223	Pdap1 S60
Pdap1	[K].SLDSDESEDEDDDYQQK.[R]	2xPhospho [S4(100); S7(100)]	S63	Q3UHX2	Q3UHX2 [57-73]	0.01	7.931e-16	-6.64385618977472	15.1006720501223	Pdap1 S63
Pdcd4	[R].KDSVWGSGGGQQPVNHLVK.[E]	1xPhospho [S3(100)]	S313	Q61823	Q61823 [311-329]	2.593	0.04892	1.37462220619121	1.31051355163575	Pdcd4 S313
Pdcl3	[K].TYEDMTLEELEENEDEFSEEDER.[A]	1xOxidation [M5]; 1xPhospho [S18(100)]	S65	Q8BVF2	Q8BVF2 [48-70]	0.028	2.833e-05	-5.15842936260448	4.54775342547956	Pdcl3 S65
Pdlim1	[K].QSTSFLVLQEILESDGK.[G]	1xPhospho [T3(99)]	T212	O70400	O70400 [210-226]	17.04	0.01846	4.09085343045111	1.73376830331011	Pdlim1 T212
Pdlim5	[K].KANSTQEPSQQPASSGASPLSASEGPESPGSSRPSVAGLR.[S]	1xPhospho [S28(100)]	S332	Q8CI51	Q8CI51 [305-344]	6.841	0.02893	2.77420723002214	1.53865156635202	Pdlim5 S332
Pgrmc2	[R].LLKPGEEPSEYTDEEDTK.[D]	2xPhospho [S9(100); T12(100)]	S202	Q80UU9	Q80UU9 [194-211]	0.01	7.931e-16	-6.64385618977472	15.1006720501223	Pgrmc2 S202
Pgrmc2	[R].LLKPGEEPSEYTDEEDTKDHSKQD.[-]	1xPhospho [T12(100)]	T205	Q80UU9	Q80UU9 [194-217]	0.01	7.931e-16	-6.64385618977472	15.1006720501223	Pgrmc2 T205
Plcd1	[K].LGGLLPAGGENGPEATDVSDEDEAAEMEDEAVR.[S]	2xPhospho [T16(100); S19(100)]	S460	Q8R3B1	Q8R3B1 [442-474]	0.05	0.004387	-4.32192809488736	2.35783236559505	Plcd1 S460
Plcd1	[K].LGGLLPAGGENGPEATDVSDEDEAAEMEDEAVR.[S]	2xPhospho [T16(100); S19(100)]	T457	Q8R3B1	Q8R3B1 [442-474]	0.05	0.004387	-4.32192809488736	2.35783236559505	Plcd1 T457
Plec	[K].RASFAEK.[T]	1xPhospho [S3(100)]	S1729	Q9QXS1	Q9QXS1 [1727-1733]	9.204	6.07e-05	3.202260983562	4.21681130892474	Plec S1729
Plekho2	[R].SSSLGDLLR.[E]	1xPhospho [S3(100)]	S395	Q8K124	Q8K124 [393-401]	0.084	4.227e-06	-3.57346686188333	5.37396775217098	Plekho2 S395
Plin1	[R].LSLMEPESEFR.[D]	1xOxidation [M4]; 1xPhospho [S2(100)]	S410	Q8CGN5	Q8CGN5 [409-419]	100	7.931e-16	6.64385618977472	15.1006720501223	Plin1 S410
Plin3	[R].LPLTEAELALIATPPEDSDMASLQQQR.[Q]	1xPhospho [T13(100)]	T220	Q9DBG5	Q9DBG5 [208-234]	27.43	0.01845	4.77768271707355	1.73400362950492	Plin3 T220
Pnn	[R].QESDPEDDDVK.[K]	1xPhospho [S3(100)]	S100	O35691	O35691 [98-108]	5.896	0.001664	2.55973652443298	2.77884667804529	Pnn S100
Ppp1r2	[R].EQESSGEEDNDLSPEER.[E]	2xPhospho [S4(100); S5(100)]	S122	Q9DCL8	Q9DCL8 [119-135]	0.09	0.001649	-3.47393118833241	2.78277934435548	Ppp1r2 S122
Ppp1r2	[R].EQESSGEEDNDLSPEER.[E]	2xPhospho [S4(100); S5(100)]	S123	Q9DCL8	Q9DCL8 [119-135]	0.09	0.001649	-3.47393118833241	2.78277934435548	Ppp1r2 S123
Ppp1r7	[R].RVESEESGDEEGKK.[H]	2xPhospho [S4(100); S7(100)]	S24	Q3UM45	Q3UM45 [21-34]	0.039	8.254e-06	-4.68038206579984	5.0833355354586	Ppp1r7 S24
Ppp1r7	[R].RVESEESGDEEGKK.[H]	2xPhospho [S4(100); S7(100)]	S27	Q3UM45	Q3UM45 [21-34]	0.039	8.254e-06	-4.68038206579984	5.0833355354586	Ppp1r7 S27
Prkcd	[R].ASTFCGTPDYIAPEILQGLK.[Y]	1xCarbamidomethyl [C5]; 1xPhospho [S2(99.5)]	S504	P28867	P28867 [503-522]	3.657	0.04599	1.87066062667928	1.33733659042596	Prkcd S504
Prkcd	[R].CTGTATNSRDTIFQK.[E]	1xCarbamidomethyl [C1]; 1xPhospho [T11(100)]	T218	P28867	P28867 [208-222]	15.06	0.0005204	3.9126498648972	3.28366271211045	Prkcd T218
Prpf40a	[K].QETVSDFTPK.[K]	1xPhospho [T8(100)]	T369	Q9R1C7	Q9R1C7 [362-371]	0.057	0.003989	-4.13289427049735	2.39913596369016	Prpf40a T369
Prpf4b	[R].KSKSPPLR.[R]	2xPhospho [S2(100); S4(100)]	S240	Q61136	Q61136 [239-246]	82.96	1.778e-13	6.3743439890385	12.7500682433658	Prpf4b S240
Prpf4b	[R].KSKSPPLR.[R]	2xPhospho [S2(100); S4(100)]	S242	Q61136	Q61136 [239-246]	82.96	1.778e-13	6.3743439890385	12.7500682433658	Prpf4b S242
Prpf4b	[R].SPSPDDILER.[V]	2xPhospho [S1(100); S3(100)]	S578	Q61136	Q61136 [578-587]	0.02	0.001795	-5.64385618977472	2.74593554708566	Prpf4b S578
Prpf4b	[R].SPSPDDILER.[V]	2xPhospho [S1(100); S3(100)]	S580	Q61136	Q61136 [578-587]	0.02	0.001795	-5.64385618977472	2.74593554708566	Prpf4b S580
Prpf4b	[K].EVIEASDKEGLSPAKR.[T]	2xPhospho [S6(100); S12(100)]	S88	Q61136	Q61136 [83-98]	0.13	0.0138	-2.94341647163363	1.86012091359876	Prpf4b S88
Prpf4b	[K].EVIEASDKEGLSPAKR.[T]	2xPhospho [S6(100); S12(100)]	S94	Q61136	Q61136 [83-98]	0.13	0.0138	-2.94341647163363	1.86012091359876	Prpf4b S94
Prpsap1	[R].LGLAVIHGEAQCTELDMDDGRHSPPMVK.[N]	1xCarbamidomethyl [C12]; 2xOxidation [M17; M26]; 1xPhospho [S23(100)]	S215	Q9D0M1	Q9D0M1 [193-220]	46.71	2.219e-07	5.54565954002547	6.65384269776799	Prpsap1 S215
Prrc2a	[K].LKFSDEEDGRDSDEEGAEGHK.[D]	2xPhospho [S4(100); S12(100)]	S342	Q7TSC1	Q7TSC1 [339-359]	0.108	5.16e-05	-3.21089678249862	4.28735029837279	Prrc2a S342
Prrc2a	[K].LKFSDEEDGRDSDEEGAEGHK.[D]	2xPhospho [S4(100); S12(100)]	S350	Q7TSC1	Q7TSC1 [339-359]	0.108	5.16e-05	-3.21089678249862	4.28735029837279	Prrc2a S350
Prrc2c	[R].SESSDFEVVPK.[R]	2xPhospho [S1(99.5); S4(100)]	S1219	Q3TLH4	Q3TLH4 [1219-1229]	0.053	0.003451	-4.23786383009889	2.46205504070851	Prrc2c S1219
Prrc2c	[R].SESSDFEVVPK.[R]	2xPhospho [S1(99.5); S4(100)]	S1222	Q3TLH4	Q3TLH4 [1219-1229]	0.053	0.003451	-4.23786383009889	2.46205504070851	Prrc2c S1222
Ptges3	[R].FSEMMDHMGGDEDVDLPEVDGADDDSQDSDDEKMPDLE.[-]	1xOxidation [M]; 2xPhospho [S26(100); S29(100)]	S148	Q9R0Q7	Q9R0Q7 [123-160]	0.01	7.931e-16	-6.64385618977472	15.1006720501223	Ptges3 S148
Ptges3	[R].FSEMMDHMGGDEDVDLPEVDGADDDSQDSDDEKMPDLE.[-]	1xOxidation [M]; 2xPhospho [S26(100); S29(100)]	S151	Q9R0Q7	Q9R0Q7 [123-160]	0.01	7.931e-16	-6.64385618977472	15.1006720501223	Ptges3 S151
Purb	[R].RGGGSGGGDESEGEEVDED.[-]	1xPhospho [S11(100)]	S316	O35295	O35295 [306-324]	0.016	7.931e-16	-5.96578428466209	15.1006720501223	Purb S316
Rabl6	[K].NISLSSEEEAEGLAGHPR.[V]	2xPhospho [S5(100); S6(100)]	S482	Q5U3K5	Q5U3K5 [478-495]	0.027	1.029e-08	-5.21089678249862	7.98758462523757	Rabl6 S482
Rabl6	[K].NISLSSEEEAEGLAGHPR.[V]	2xPhospho [S5(100); S6(100)]	S483	Q5U3K5	Q5U3K5 [478-495]	0.027	1.029e-08	-5.21089678249862	7.98758462523757	Rabl6 S483
Rabl6	[R].EDLSDVTDEDTGPAQPPPPSK.[L]	2xPhospho [S4(100); T7(100)]	S594	Q5U3K5	Q5U3K5 [591-611]	0.098	2.578e-05	-3.35107444054688	4.58871708698262	Rabl6 S594
Rabl6	[R].APTRGTPPWSDGLTTDDSERPQEGK.[D]	1xPhospho [T6(99.5)]	T526	Q5U3K5	Q5U3K5 [521-545]	8.827	0.009637	3.14192319772374	2.01605814101611	Rabl6 T526
Rabl6	[R].EDLSDVTDEDTGPAQPPPPSK.[L]	2xPhospho [S4(100); T7(100)]	T597	Q5U3K5	Q5U3K5 [591-611]	0.098	2.578e-05	-3.35107444054688	4.58871708698262	Rabl6 T597
Raly	[R].DDGDEEGLLTHSEEELEHSQDTDAEDGALQ.[-]	2xPhospho [T10(100); S12(100)]	S294	Q64012	Q64012 [283-312]	0.051	0.0001677	-4.29335894269059	3.77546693739391	Raly S294
Raly	[R].DDGDEEGLLTHSEEELEHSQDTDAEDGALQ.[-]	2xPhospho [T10(100); S12(100)]	T292	Q64012	Q64012 [283-312]	0.051	0.0001677	-4.29335894269059	3.77546693739391	Raly T292
Ranbp3	[R].SAGSSSPEAGEDSDHEDGNYCPPVK.[R]	1xCarbamidomethyl [C21]; 2xPhospho [S13(100); S/Y]	S40	Q9CT10	Q9CT10 [28-52]	0.041	2.06e-05	-4.608232280044	4.68613277963085	Ranbp3 S40
Ranbp3	[R].TSSLTHSEEK.[S]	1xPhospho [S3(100)]	S58	Q9CT10	Q9CT10 [56-65]	90.91	7.931e-16	6.50636709290306	15.1006720501223	Ranbp3 S58
Rap1gap	[K].RDSFLYSTWLDDSVSTTSGGSSPGLTR.[S]	1xPhospho [S3(100)]	S606	A2ALS5	A2ALS5 [604-630]	22.01	0.03536	4.46008724011683	1.45148774365896	Rap1gap S606
Rbm14	[R].QPTPPFFGR.[D]	1xPhospho [T3(100)]	T206	Q8C2Q3	Q8C2Q3 [204-212]	3.431	0.004479	1.77862912589557	2.34881893755531	Rbm14 T206
Rbm25	[K].QEPESEEEEEEKQEK.[E]	1xPhospho [S5(100)]	S578	B2RY56	B2RY56 [574-588]	31.3	1.554e-05	4.96809075204526	4.8085489855351	Rbm25 S578
Rbm39	[R].SKSPFR.[K]	2xPhospho [S1(100); S3(100)]	S127	Q8VH51	Q8VH51 [127-132]	100	7.931e-16	6.64385618977472	15.1006720501223	Rbm39 S127
Rbm39	[R].SKSPFR.[K]	2xPhospho [S1(100); S3(100)]	S129	Q8VH51	Q8VH51 [127-132]	100	7.931e-16	6.64385618977472	15.1006720501223	Rbm39 S129
Rbmxl1	[R].STPSGPVR.[S]	1xPhospho [T2(100)]	T163	Q91VM5	Q91VM5 [162-169]	77.95	1.765e-10	6.28447711781042	9.75325529027616	Rbmxl1 T163
Retreg1	[K].DDSELDFSALCPK.[I]	1xCarbamidomethyl [C11]; 1xPhospho [S3(100)]	S264	Q8VE91	Q8VE91 [262-274]	0.052	0.04905	-4.265344566521	1.30936098828403	Retreg1 S264
Ric8a	[R].GLMAGGRPEGQYSEDEDTDTEEYR.[E]	2xPhospho [S13(100); T18(100)]	S435	Q3TIR3	Q3TIR3 [423-446]	0.011	0.0003593	-6.50635266602479	3.44454278279535	Ric8a S435
Ric8a	[R].GLMAGGRPEGQYSEDEDTDTEEYR.[E]	2xPhospho [S13(100); T18(100)]	T440	Q3TIR3	Q3TIR3 [423-446]	0.011	0.0003593	-6.50635266602479	3.44454278279535	Ric8a T440
Rpl13	[K].KGDSSAEELK.[L]	1xPhospho [S5(99.6)]	S140	P47963	P47963 [136-145]	12.17	1.225e-11	3.605257262939	10.9118639112994	Rpl13 S140
Rpl15	[R].QLSALHR.[A]	1xPhospho [S3(100)]	S34	Q9CZM2	Q9CZM2 [32-38]	39.91	1.903e-08	5.31867837373655	7.72056121171298	Rpl15 S34
Rpl22l1	[R].YFQISQDEDGSESED.[-]	2xPhospho [S11(100); S13(100)]	S118	Q9D7S7	Q9D7S7 [108-122]	0.01	7.931e-16	-6.64385618977472	15.1006720501223	Rpl22l1 S118
Rpl22l1	[R].YFQISQDEDGSESED.[-]	2xPhospho [S11(100); S13(100)]	S120	Q9D7S7	Q9D7S7 [108-122]	0.01	7.931e-16	-6.64385618977472	15.1006720501223	Rpl22l1 S120
Rpl26	[K].YKEETIEK.[M]	1xPhospho [T5(100)]	T139	P61255	P61255 [135-142]	34.02	0.0034	5.08831123588866	2.46852108295775	Rpl26 T139
Rpl6	[K].AGSDAAASRPR.[A]	1xPhospho [S3(100)]	S21	P47911	P47911 [19-29]	32.69	0.016	5.03077747199254	1.79588001734408	Rpl6 S21
Rplp0	[K].AEAKEESEESDEDMGFGLFD.[-]	1xOxidation [M14]; 2xPhospho [S7(100); S10(100)]	S304	P14869	P14869 [298-317]	0.065	3.775e-13	-3.94341647163363	12.4230830440348	Rplp0 S304
Rplp0	[K].AEAKEESEESDEDMGFGLFD.[-]	1xOxidation [M14]; 2xPhospho [S7(100); S10(100)]	S307	P14869	P14869 [298-317]	0.065	3.775e-13	-3.94341647163363	12.4230830440348	Rplp0 S307
Rplp1	[K].KEESEESEDDMGFGLFD.[-]	1xOxidation [M11]; 2xPhospho [S4(100); S7(100)]	S101	P47955	P47955 [98-114]	0.316	0.01364	-1.66200353648498	1.86518562967954	Rplp1 S101
Rplp1	[K].KEESEESEDDMGFGLFD.[-]	1xOxidation [M11]; 2xPhospho [S4(100); S7(100)]	S104	P47955	P47955 [98-114]	0.316	0.01364	-1.66200353648498	1.86518562967954	Rplp1 S104
Rplp2	[K].DEKKEESEESDDDMGFGLFD.[-]	2xPhospho [S7(100); S10(100)]	S102	P99027	P99027 [96-115]	0.015	8.017e-10	-6.05889368905357	9.09598811640261	Rplp2 S102
Rplp2	[K].DEKKEESEESDDDMGFGLFD.[-]	2xPhospho [S7(100); S10(100)]	S105	P99027	P99027 [96-115]	0.015	8.017e-10	-6.05889368905357	9.09598811640261	Rplp2 S105
Rps2	[K].ETVFTKSPYQEFTDHLVK.[T]	1xPhospho [S7(100)]	S264	P25444	P25444 [258-275]	4.808	0.04176	2.2654368960491	1.37923951000579	Rps2 S264
Rrbp1	[K].EPVRVSAVAVAPTSVHSSVGHTPIATVPAMPQEK.[L]	1xOxidation [M30]; 1xPhospho [S6(100)]	S103	Q99PL5	Q99PL5 [98-131]	40.03	5.15e-07	5.32300971061281	6.28819277095881	Rrbp1 S103
Rtn3	[K].QTFAPQSGPQSSSDILEHTDVK.[T]	1xPhospho [T19(100)]	T728	Q9ES97	Q9ES97 [710-731]	0.134	0.02153	-2.89969509420431	1.66695597017651	Rtn3 T728
Samhd1	[R].CDGSPRTPPSTPPATANLSADDDFQNTDLR.[T]	1xCarbamidomethyl [C1]; 1xPhospho [T7(99.3)]	T52	Q60710	Q60710 [46-75]	20.77	0.0002554	4.37642931106992	3.5927791070726	Samhd1 T52
Scamp3	[R].DTGNPFPDSGELDNPFQDPAVIQHRPSQQYATLDVYNPFENR.[E]	1xPhospho [S27(100)]	S32	O35609	O35609 [6-47]	26.59	0.001775	4.73281187208294	2.75080164260889	Scamp3 S32
Scg2	[K].EHLGPGSSQEMER.[L]	1xOxidation [M11]; 1xPhospho [S8(100)]	S556	Q03517	Q03517 [549-561]	0.114	0.006994	-3.13289427049735	2.15527437202677	Scg2 S556
Scg3	[K].DDNSNLGGKTDEATGK.[T]	1xPhospho [T10(100)]	T401	P47867	P47867 [392-407]	21.67	0.01062	4.43762724831895	1.97387548325455	Scg3 T401
Sec16a	[R].YSEPERPSSRASHYSDQLAPR.[Q]	3xPhospho [S12(99.6); S15(100); S/Y]	S1242	E9QAT4	E9QAT4 [1231-1251]	0.097	4.981e-05	-3.36587144247496	4.30268345826762	Sec16a S1242
Sec16a	[R].YSEPERPSSRASHYSDQLAPR.[Q]	3xPhospho [S12(99.6); S15(100); S/Y]	S1245	E9QAT4	E9QAT4 [1231-1251]	0.097	4.981e-05	-3.36587144247496	4.30268345826762	Sec16a S1245
Sec16a	[R].FTGSFDDDAEIHRDPYGEEADRR.[S]	1xPhospho [S4(99.1)]	S1342	E9QAT4	E9QAT4 [1339-1361]	0.217	0.0135	-2.20423305221761	1.86966623150499	Sec16a S1342
Sec16a	[K].LEDDTSGSFFK.[Q]	1xPhospho [S6(100)]	S581	E9QAT4	E9QAT4 [576-586]	0.092	0.004031	-3.44222232860507	2.39458720184695	Sec16a S581
Sec31a	[K].DSDQVAQSDGEESPAAEEQLLGER.[I]	2xPhospho [S8(100); S13(100)]	S526	Q3UPL0	Q3UPL0 [519-542]	0.087	6.941e-10	-3.52284078881336	9.15857795559764	Sec31a S526
Sec31a	[K].DSDQVAQSDGEESPAAEEQLLGER.[I]	2xPhospho [S8(100); S13(100)]	S531	Q3UPL0	Q3UPL0 [519-542]	0.087	6.941e-10	-3.52284078881336	9.15857795559764	Sec31a S531
Sec62	[K].GAPADHGPEGSGGERHSDTDSDR.[R]	2xPhospho [S11(100); S17(98.7)]	S335	Q8BU14	Q8BU14 [325-347]	11.84	0.004677	3.56559717585422	2.3300326300915	Sec62 S335
Sec62	[K].GAPADHGPEGSGGERHSDTDSDR.[R]	2xPhospho [S11(100); S17(98.7)]	S341	Q8BU14	Q8BU14 [325-347]	11.84	0.004677	3.56559717585422	2.3300326300915	Sec62 S341
Sec62	[R].EDDRSQHSSGNGNDFEMITK.[E]	1xOxidation [M17]; 2xPhospho [S5(100); S8(98.4)]	S353	Q8BU14	Q8BU14 [349-368]	0.023	1.079e-05	-5.44222232860507	4.96697855531709	Sec62 S353
Sec62	[R].EDDRSQHSSGNGNDFEMITK.[E]	1xOxidation [M17]; 2xPhospho [S5(100); S8(98.4)]	S356	Q8BU14	Q8BU14 [349-368]	0.023	1.079e-05	-5.44222232860507	4.96697855531709	Sec62 S356
Sec62	[K].KEETPGTPK.[K]	1xPhospho [T7(100)]	T158	Q8BU14	Q8BU14 [152-160]	4.869	0.01256	2.28362550060704	1.90101036059882	Sec62 T158
Sec62	[K].EELEQQTDGDCDEEDDDK.[D]	1xCarbamidomethyl [C11]; 1xPhospho [T7(100)]	T375	Q8BU14	Q8BU14 [369-386]	3.986	0.0008673	1.99494171017697	3.06183065360968	Sec62 T375
Septin2	[K].IYHLPDAESDEDEDFKEQTR.[L]	1xPhospho [S9(100)]	S218	P42208	P42208 [210-229]	0.308	0.01062	-1.69899774396719	1.97387548325455	Septin2 S218
Sirt2	[K].VQEAQDSDSDTEGGATGGEAEMDFLR.[N]	2xPhospho [S7(100); S9(100)]	S23	Q8VDQ8	Q8VDQ8 [17-42]	0.02	0.0001054	-5.64385618977472	3.97715938912347	Sirt2 S23
Sirt2	[K].VQEAQDSDSDTEGGATGGEAEMDFLR.[N]	2xPhospho [S7(100); S9(100)]	S25	Q8VDQ8	Q8VDQ8 [17-42]	0.02	0.0001054	-5.64385618977472	3.97715938912347	Sirt2 S25
Slc16a1	[K].SKESLQEAGKSDANTDLIGGSPK.[G]	1xPhospho [S4(100)]	S213	P53986	P53986 [210-232]	10.87	0.008658	3.44228003525258	2.06258241852286	Slc16a1 S213
Slc33a1	[R].RDSVGGEGDR.[E]	1xPhospho [S3(100)]	S42	Q99J27	Q99J27 [40-49]	19.29	0.003271	4.26978123827438	2.48531945587502	Slc33a1 S42
Slc38a10	[R].QDVFGEGSEERK.[E]	1xPhospho [S8(100)]	S887	Q5I012	Q5I012 [880-891]	19.53	0.00022	4.28762004411207	3.65757731917779	Slc38a10 S887
Smarcc2	[R].KRSPSPSPTPEAK.[K]	1xPhospho [S3(100)]	S302	Q6PDG5	Q6PDG5 [300-312]	0.126	0.01721	-2.98850436116217	1.76421912967244	Smarcc2 S302
Snd1	[R].DIQNTQCLLNVEHLSASCPHVTLQFADSK.[G]	2xCarbamidomethyl [C7; C18]; 1xPhospho [S17(100)]	S836	Q78PY7	Q78PY7 [820-848]	5.884	0.01597	2.55679724659274	1.79669508386152	Snd1 S836
Sntb1	[R].LGGGSAEPLSSQSFSFHR.[D]	1xPhospho [S13(100)]	S233	Q99L88	Q99L88 [221-238]	9.483	0.004697	3.24534353596357	2.32817943981675	Sntb1 S233
Snw1	[R].GPPSPPAPVMHSPSR.[K]	1xPhospho [S4(100)]	S224	Q9CSN1	Q9CSN1 [221-235]	3.697	0.004479	1.88635504352516	2.34881893755531	Snw1 S224
Son	[K].SPDPYR.[L]	1xPhospho [S1(100)]	S905	Q9QX47	Q9QX47 [905-910]	18.85	9.419e-07	4.2364926183813	6.02599520310259	Son S905
Sorbs2	[K].GAEDYPDPPLPHSYSSDR.[I]	1xPhospho [S15(99.7)]	S1097	Q3UTJ2	Q3UTJ2 [1083-1100]	3.133	0.01203	1.64754476970897	1.91973437266016	Sorbs2 S1097
Sparcl1	[K].AEKPSALNSEEETHEQSTEQDK.[T]	1xPhospho [S9(100)]	S70	P70663	P70663 [62-83]	60.89	1.565e-05	5.92813340782985	4.80548565811753	Sparcl1 S70
Sptan1	[K].KLDPAQSASRENLLEEQGSIALR.[Q]	1xPhospho [S9(99.5)]	S1031	P16546	P16546 [1023-1045]	4.903	0.0003016	2.2936647616236	3.52056866280226	Sptan1 S1031
Sptbn1	[R].TSSKESSPVPSPTLDR.[K]	3xPhospho [S3(98.4); S6(99.2); T13(99.2)]	S2160	Q62261	Q62261 [2158-2173]	0.116	0.0001375	-3.10780328953451	3.86169730183372	Sptbn1 S2160
Sptbn1	[R].TSSKESSPVPSPTLDR.[K]	3xPhospho [S3(98.4); S6(99.2); T13(99.2)]	S2163	Q62261	Q62261 [2158-2173]	0.116	0.0001375	-3.10780328953451	3.86169730183372	Sptbn1 S2163
Sptbn1	[K].ESSPVPSPTLDR.[K]	1xPhospho [S7(100)]	S2168	Q62261	Q62261 [2162-2173]	0.315	0.01738	-1.66657626627481	1.75995022788735	Sptbn1 S2168
Sptbn1	[K].DVAEEITNYRPTIDTLHEQASALPQAHAESPDVK.[G]	1xPhospho [S30(100)]	S817	Q62261	Q62261 [788-821]	0.098	0.003267	-3.35107444054688	2.48585086552456	Sptbn1 S817
Sptbn1	[R].TSSKESSPVPSPTLDR.[K]	3xPhospho [S3(98.4); S6(99.2); T13(99.2)]	T2170	Q62261	Q62261 [2158-2173]	0.116	0.0001375	-3.10780328953451	3.86169730183372	Sptbn1 T2170
Srpk1	[K].RPNKQEESESPVDRPLTENPPNK.[M]	1xPhospho [S10(100)]	S311	O70551	O70551 [302-324]	0.307	0.04056	-1.70368943929191	1.39190205367472	Srpk1 S311
Srrm1	[K].RESPSPAPKPR.[K]	2xPhospho [S3(100); S5(100)]	S448	Q52KI8	Q52KI8 [446-456]	0.01	7.931e-16	-6.64385618977472	15.1006720501223	Srrm1 S448
Srrm1	[K].RESPSPAPKPR.[K]	2xPhospho [S3(100); S5(100)]	S450	Q52KI8	Q52KI8 [446-456]	0.01	7.931e-16	-6.64385618977472	15.1006720501223	Srrm1 S450
Srrm1	[K].VELSESEEDK.[G]	2xPhospho [S4(100); S6(100)]	S461	Q52KI8	Q52KI8 [458-467]	15.84	0.0002953	3.98550043030489	3.52973655303492	Srrm1 S461
Srrm1	[K].VELSESEEDK.[G]	2xPhospho [S4(100); S6(100)]	S463	Q52KI8	Q52KI8 [458-467]	15.84	0.0002953	3.98550043030489	3.52973655303492	Srrm1 S463
Srrm1	[R].TASPPPPPKR.[R]	2xPhospho [T1(100); S3(100)]	S635	Q52KI8	Q52KI8 [633-642]	0.014	7.931e-16	-6.15842936260448	15.1006720501223	Srrm1 S635
Srrm1	[R].RASPSPPPK.[R]	2xPhospho [S3(100); S5(100)]	S645	Q52KI8	Q52KI8 [643-651]	100	7.931e-16	6.64385618977472	15.1006720501223	Srrm1 S645
Srrm1	[R].RASPSPPPK.[R]	2xPhospho [S3(100); S5(100)]	S647	Q52KI8	Q52KI8 [643-651]	100	7.931e-16	6.64385618977472	15.1006720501223	Srrm1 S647
Srrm1	[R].RVSHSPPPK.[Q]	2xPhospho [S3(100); S5(100)]	S655	Q52KI8	Q52KI8 [653-661]	31.52	1.159e-06	4.97819562968165	5.9359165640364	Srrm1 S655
Srrm1	[R].RVSHSPPPK.[Q]	2xPhospho [S3(100); S5(100)]	S657	Q52KI8	Q52KI8 [653-661]	31.52	1.159e-06	4.97819562968165	5.9359165640364	Srrm1 S657
Srrm1	[K].RRSPSLSSK.[H]	2xPhospho [S3(100); S5(100)]	S672	Q52KI8	Q52KI8 [670-678]	6.718	0.03641	2.74803179557241	1.43877932106606	Srrm1 S672
Srrm1	[K].RRSPSLSSK.[H]	2xPhospho [S3(100); S5(100)]	S674	Q52KI8	Q52KI8 [670-678]	6.718	0.03641	2.74803179557241	1.43877932106606	Srrm1 S674
Srrm1	[K].SPTPSLSPAR.[N]	2xPhospho [T3(100); S7(100)]	S838	Q52KI8	Q52KI8 [832-841]	0.035	0.0347	-4.83650126771712	1.45967052520913	Srrm1 S838
Srrm1	[R].KETESEAEDDNLDDLER.[H]	2xPhospho [T3(100); S5(100)]	S915	Q52KI8	Q52KI8 [911-927]	0.032	7.417e-11	-4.96578428466209	10.1297717209882	Srrm1 S915
Srrm1	[R].TASPPPPPKR.[R]	2xPhospho [T1(100); S3(100)]	T633	Q52KI8	Q52KI8 [633-642]	0.014	7.931e-16	-6.15842936260448	15.1006720501223	Srrm1 T633
Srrm1	[K].SPTPSLSPAR.[N]	2xPhospho [T3(100); S7(100)]	T834	Q52KI8	Q52KI8 [832-841]	0.035	0.0347	-4.83650126771712	1.45967052520913	Srrm1 T834
Srrm1	[R].KETESEAEDDNLDDLER.[H]	2xPhospho [T3(100); S5(100)]	T913	Q52KI8	Q52KI8 [911-927]	0.032	7.417e-11	-4.96578428466209	10.1297717209882	Srrm1 T913
Srrm2	[R].SSSPVTELTAR.[S]	2xPhospho [S3(100); S/T]	S1068	Q8BTI8	Q8BTI8 [1066-1076]	0.02	0.0005632	-5.64385618977472	3.24933735386594	Srrm2 S1068
Srrm2	[K].SLLPNSSQDELMEVEKSEQPLSQVLPSLSPEHK.[E]	1xOxidation [M12]; 1xPhospho [S29(100)]	S1216	Q8BTI8	Q8BTI8 [1188-1220]	24.53	5.458e-06	4.61647532878288	5.26296646866612	Srrm2 S1216
Srrm2	[K].AAETPAVASCWSGPQVSPEHK.[E]	1xCarbamidomethyl [C10]; 1xPhospho [S17(100)]	S1269	Q8BTI8	Q8BTI8 [1253-1273]	5.72	0.002555	2.51601514700366	2.59260909552927	Srrm2 S1269
Srrm2	[R].RSSSELSPEVVEK.[V]	3xPhospho [S2(100); S3(100); S7(100)]	S1338	Q8BTI8	Q8BTI8 [1337-1349]	0.018	4.361e-09	-5.79585928321977	8.36041391332657	Srrm2 S1338
Srrm2	[R].RSSSELSPEVVEK.[V]	3xPhospho [S2(100); S3(100); S7(100)]	S1339	Q8BTI8	Q8BTI8 [1337-1349]	0.018	4.361e-09	-5.79585928321977	8.36041391332657	Srrm2 S1339
Srrm2	[R].RSSSELSPEVVEK.[V]	3xPhospho [S2(100); S3(100); S7(100)]	S1343	Q8BTI8	Q8BTI8 [1337-1349]	0.018	4.361e-09	-5.79585928321977	8.36041391332657	Srrm2 S1343
Srrm2	[R].SRTSPVTR.[R]	2xPhospho [S1(99.4); S4(100)]	S1960	Q8BTI8	Q8BTI8 [1924-1931]; [1936-1943]; [1948-1955]; [1960-1967]	100	7.931e-16	6.64385618977472	15.1006720501223	Srrm2 S1960
Srrm2	[R].SRTSPVTR.[R]	2xPhospho [S1(99.4); S4(100)]	S1963	Q8BTI8	Q8BTI8 [1924-1931]; [1936-1943]; [1948-1955]; [1960-1967]	100	7.931e-16	6.64385618977472	15.1006720501223	Srrm2 S1963
Srrm2	[R].SRSRTPPAIR.[R]	3xPhospho [S1(100); S3(100); T5(100)]	S1970	Q8BTI8	Q8BTI8 [1970-1979]	0.164	0.02389	-2.608232280044	1.62178385025012	Srrm2 S1970
Srrm2	[R].SRSRTPPAIR.[R]	3xPhospho [S1(100); S3(100); T5(100)]	S1972	Q8BTI8	Q8BTI8 [1970-1979]	0.164	0.02389	-2.608232280044	1.62178385025012	Srrm2 S1972
Srrm2	[R].SRSRTPLLPR.[K]	3xPhospho [S1(100); S3(100); T5(100)]	S1982	Q8BTI8	Q8BTI8 [1982-1991]	0.01	7.931e-16	-6.64385618977472	15.1006720501223	Srrm2 S1982
Srrm2	[R].SRSRTPLLPR.[K]	3xPhospho [S1(100); S3(100); T5(100)]	S1984	Q8BTI8	Q8BTI8 [1982-1991]	0.01	7.931e-16	-6.64385618977472	15.1006720501223	Srrm2 S1984
Srrm2	[R].SLTRSPPAIR.[R]	3xPhospho [S1(100); T3(100); S5(100)]	S2019	Q8BTI8	Q8BTI8 [2019-2028]	0.138	8.87e-05	-2.85725982788392	4.05207638016827	Srrm2 S2019
Srrm2	[R].SLTRSPPAIR.[R]	3xPhospho [S1(100); T3(100); S5(100)]	S2023	Q8BTI8	Q8BTI8 [2019-2028]	0.138	8.87e-05	-2.85725982788392	4.05207638016827	Srrm2 S2023
Srrm2	[R].CRSPGMLEPLGSAR.[T]	1xCarbamidomethyl [C1]; 1xOxidation [M6]; 1xPhospho [S3(100)]	S2084	Q8BTI8	Q8BTI8 [2082-2095]	100	7.931e-16	6.64385618977472	15.1006720501223	Srrm2 S2084
Srrm2	[R].SLSYSPVER.[R]	2xPhospho [S3(100); S5(100)]	S2646	Q8BTI8	Q8BTI8 [2644-2652]	0.075	0.006132	-3.73696559416621	2.21239785381766	Srrm2 S2646
Srrm2	[R].SLSYSPVER.[R]	2xPhospho [S3(100); S5(100)]	S2648	Q8BTI8	Q8BTI8 [2644-2652]	0.075	0.006132	-3.73696559416621	2.21239785381766	Srrm2 S2648
Srrm2	[R].SLSGSSPCPK.[Q]	1xCarbamidomethyl [C8]; 2xPhospho [S1(100); S3(100)]	S773	Q8BTI8	Q8BTI8 [773-782]	0.126	0.01563	-2.98850436116217	1.80604102198081	Srrm2 S773
Srrm2	[R].SLSGSSPCPK.[Q]	1xCarbamidomethyl [C8]; 2xPhospho [S1(100); S3(100)]	S775	Q8BTI8	Q8BTI8 [773-782]	0.126	0.01563	-2.98850436116217	1.80604102198081	Srrm2 S775
Srrm2	[K].SGTPPRPGSVTNMQADECTATPQR.[Q]	1xCarbamidomethyl [C18]; 1xOxidation [M13]; 3xPhospho [S9(98.4); T21(100); S/T]	S829	Q8BTI8	Q8BTI8 [821-844]	0.048	0.0473	-4.38082178394093	1.32513885926219	Srrm2 S829
Srrm2	[R].QSHSESSPDGEVK.[S]	1xPhospho [S7(99.6)]	S851	Q8BTI8	Q8BTI8 [845-857]	34.16	1.822e-06	5.09423606984577	5.73945162736302	Srrm2 S851
Srrm2	[K].DGLPRTPSR.[R]	1xPhospho [T6(100)]	T1390	Q8BTI8	Q8BTI8 [1385-1393]	62.82	7.931e-16	5.97315203787724	15.1006720501223	Srrm2 T1390
Srrm2	[R].TPLISR.[RD]	1xPhospho [T1(100)]	T1836	Q8BTI8	Q8BTI8 [1836-1841]	0.117	0.04008	-3.09541956507868	1.39707228714081	Srrm2 T1836
Srrm2	[R].SRSRTPPAIR.[R]	3xPhospho [S1(100); S3(100); T5(100)]	T1974	Q8BTI8	Q8BTI8 [1970-1979]	0.164	0.02389	-2.608232280044	1.62178385025012	Srrm2 T1974
Srrm2	[R].SRSRTPLLPR.[K]	3xPhospho [S1(100); S3(100); T5(100)]	T1986	Q8BTI8	Q8BTI8 [1982-1991]	0.01	7.931e-16	-6.64385618977472	15.1006720501223	Srrm2 T1986
Srrm2	[R].SLTRSPPAIR.[R]	3xPhospho [S1(100); T3(100); S5(100)]	T2021	Q8BTI8	Q8BTI8 [2019-2028]	0.138	8.87e-05	-2.85725982788392	4.05207638016827	Srrm2 T2021
Srrm2	[K].SGTPPRPGSVTNMQADECTATPQR.[Q]	1xCarbamidomethyl [C18]; 1xOxidation [M13]; 3xPhospho [S9(98.4); T21(100); S/T]	T841	Q8BTI8	Q8BTI8 [821-844]	0.048	0.0473	-4.38082178394093	1.32513885926219	Srrm2 T841
Srsf1	[K].VDGPRSPSYGR.[S]	2xPhospho [S6(100); S8(100)]	S199	Q6PDM2	Q6PDM2 [194-204]	8.593	2.171e-08	3.1031618949867	7.66334017654558	Srsf1 S199
Srsf1	[K].VDGPRSPSYGR.[S]	2xPhospho [S6(100); S8(100)]	S201	Q6PDM2	Q6PDM2 [194-204]	8.593	2.171e-08	3.1031618949867	7.66334017654558	Srsf1 S201
Srsf10	[R].SRSFDYNYR.[R]	2xPhospho [S1(100); S3(100)]	S131	Q9R0U0	Q9R0U0 [131-139]	0.01	7.931e-16	-6.64385618977472	15.1006720501223	Srsf10 S131
Srsf10	[R].SRSFDYNYR.[R]	2xPhospho [S1(100); S3(100)]	S133	Q9R0U0	Q9R0U0 [131-139]	0.01	7.931e-16	-6.64385618977472	15.1006720501223	Srsf10 S133
Srsf2	[R].SKSPPKSPEEEGAVSS.[-]	3xPhospho [S1(100); S3(100); S7(100)]	S206	Q62093	Q62093 [206-221]	0.136	0.000418	-2.87832144341175	3.37882371822496	Srsf2 S206
Srsf2	[R].SKSPPKSPEEEGAVSS.[-]	3xPhospho [S1(100); S3(100); S7(100)]	S208	Q62093	Q62093 [206-221]	0.136	0.000418	-2.87832144341175	3.37882371822496	Srsf2 S208
Srsf2	[R].SKSPPKSPEEEGAVSS.[-]	3xPhospho [S1(100); S3(100); S7(100)]	S212	Q62093	Q62093 [206-221]	0.136	0.000418	-2.87832144341175	3.37882371822496	Srsf2 S212
Srsf4	[K].SKPNVPAESR.[S]	1xPhospho [S9(100)]	S453	Q8VE97	Q8VE97 [445-454]	0.166	0.001329	-2.59074485331516	2.87647501905727	Srsf4 S453
Srsf6	[R].SHSPLPAPPSK.[A]	2xPhospho [S1(100); S3(100)]	S301	Q3TWW8	Q3TWW8 [301-311]	0.176	7.383e-05	-2.50635266602479	4.13176713157753	Srsf6 S301
Srsf6	[R].SHSPLPAPPSK.[A]	2xPhospho [S1(100); S3(100)]	S303	Q3TWW8	Q3TWW8 [301-311]	0.176	7.383e-05	-2.50635266602479	4.13176713157753	Srsf6 S303
Srsf6	[K].ARSMSPPPK.[R]	2xPhospho [S3(100); S5(100)]	S314	Q3TWW8	Q3TWW8 [312-320]	11.5	0.0007542	3.52356195605701	3.1225134719304	Srsf6 S314
Srsf6	[K].ARSMSPPPK.[R]	2xPhospho [S3(100); S5(100)]	S316	Q3TWW8	Q3TWW8 [312-320]	11.5	0.0007542	3.52356195605701	3.1225134719304	Srsf6 S316
Srsf7	[R].SRSGSIIGSR.[Y]	3xPhospho [S1(100); S3(100); S5(100)]	S208	Q8BL97	Q8BL97 [208-217]	0.019	7.931e-16	-5.7178567712185	15.1006720501223	Srsf7 S208
Srsf7	[R].SRSGSIIGSR.[Y]	3xPhospho [S1(100); S3(100); S5(100)]	S210	Q8BL97	Q8BL97 [208-217]	0.019	7.931e-16	-5.7178567712185	15.1006720501223	Srsf7 S210
Srsf7	[R].SRSGSIIGSR.[Y]	3xPhospho [S1(100); S3(100); S5(100)]	S212	Q8BL97	Q8BL97 [208-217]	0.019	7.931e-16	-5.7178567712185	15.1006720501223	Srsf7 S212
Ssr1	[K].VEMGTSSQNDVDMSWIPQETLNQINKASPR.[R]	1xPhospho [S28(100)]	S268	Q9CY50	Q9CY50 [241-270]	3.926	0.001344	1.97306017280408	2.87160073128219	Ssr1 S268
Ssr3	[R].KLSEADNR.[K]	1xPhospho [S3(100)]	S105	Q9DCF9	Q9DCF9 [103-110]	93.15	7.931e-16	6.54148386405428	15.1006720501223	Ssr3 S105
Ssrp1	[K].EGINPGYDDYADSDEDQHDAYLER.[M]	1xPhospho [S13(100)]	S444	Q08943	Q08943 [432-455]	0.296	0.007524	-1.75633091903314	2.12355121312166	Ssrp1 S444
Stim1	[R].DLTHSDSESSLHMSDR.[Q]	2xPhospho [S9(99.4); S10(100)]	S523	P70302	P70302 [515-530]	0.089	0.006568	-3.49005085369569	2.18256685588862	Stim1 S523
Stim1	[R].DLTHSDSESSLHMSDR.[Q]	2xPhospho [S9(99.4); S10(100)]	S524	P70302	P70302 [515-530]	0.089	0.006568	-3.49005085369569	2.18256685588862	Stim1 S524
Stim1	[R].QRLTEPQLGLGSQR.[D]	1xPhospho [T4(100)]	T504	P70302	P70302 [501-514]	9.607	0.009329	3.26408598762516	2.0301649069242	Stim1 T504
Strap	[K].IGFPETAEEELEEIASENSDSIYSSTPEVK.[A]	2xPhospho [S16(100); S19(100)]	S335	Q9Z1Z2	Q9Z1Z2 [320-349]	0.022	0.002306	-5.50635266602479	2.63714069704132	Strap S335
Strap	[K].IGFPETAEEELEEIASENSDSIYSSTPEVK.[A]	2xPhospho [S16(100); S19(100)]	S338	Q9Z1Z2	Q9Z1Z2 [320-349]	0.022	0.002306	-5.50635266602479	2.63714069704132	Strap S338
Stt3b	[R].ENPPVEDSSDEDDK.[R]	2xPhospho [S8(100); S9(100)]	S495	Q3TDQ1	Q3TDQ1 [488-501]	21.2	9.809e-05	4.40599235967584	4.00837526546599	Stt3b S495
Stt3b	[R].ENPPVEDSSDEDDKRNPGNLYDK.[A]	1xPhospho [S9(99.5)]	S496	Q3TDQ1	Q3TDQ1 [488-510]	0.061	7.078e-11	-4.0350469470992	10.1500894416985	Stt3b S496
Stx7	[R].VSGGFPEDSSK.[E]	1xPhospho [S2(100)]	S129	O70439	O70439 [128-138]	0.247	0.01464	-2.01741705307741	1.83445892327763	Stx7 S129
Supt5h	[R].SAAGSEKEEEPEEEEEEEEEYDEEEEEEDDDRPPK.[K]	2xPhospho [S1(100); S5(100)]	S32	O55201	O55201 [32-66]	0.014	4.958e-07	-6.15842936260448	6.3046934775682	Supt5h S32
Supt5h	[R].SAAGSEKEEEPEEEEEEEEEYDEEEEEEDDDRPPK.[K]	2xPhospho [S1(100); S5(100)]	S36	O55201	O55201 [32-66]	0.014	4.958e-07	-6.15842936260448	6.3046934775682	Supt5h S36
Syap1	[K].TPPVVIK.[S]	1xPhospho [T1(100)]	T262	Q9D5V6	Q9D5V6 [262-268]	0.267	0.002709	-1.90508835297453	2.56719099496683	Syap1 T262
Synm	[R].ELYSPSGERDDAGQVSPSSDQR.[V]	1xPhospho [S4(100)]	S1075	Q70IV5	Q70IV5 [1072-1093]	11.97	4.889e-05	3.58135124716878	4.31077996273616	Synm S1075
Synm	[R].DDAGQVSPSSDQR.[V]	1xPhospho [S7(100)]	S1087	Q70IV5	Q70IV5 [1081-1093]	100	7.931e-16	6.64385618977472	15.1006720501223	Synm S1087
Synpo2	[R].SVTSPISDFPAPPPYSAVSPPPEAFSR.[G]	1xPhospho [S19(100)]	S618	Q91YE8	Q91YE8 [600-626]	5.528	0.02529	2.46675761572617	1.5970511706556	Synpo2 S618
Thrap3	[K].NKKSPEIHR.[R]	1xPhospho [S4(100)]	S669	Q569Z6	Q569Z6 [666-674]	59.59	1.042e-11	5.89699834233891	10.9821322810365	Thrap3 S669
Thumpd1	[K].FIDKDQQPSGSEGEDDDAEAALKK.[E]	2xPhospho [S9(100); S11(100)]	S86	Q99J36	Q99J36 [78-101]	0.011	7.931e-16	-6.50635266602479	15.1006720501223	Thumpd1 S86
Thumpd1	[K].FIDKDQQPSGSEGEDDDAEAALKK.[E]	2xPhospho [S9(100); S11(100)]	S88	Q99J36	Q99J36 [78-101]	0.011	7.931e-16	-6.50635266602479	15.1006720501223	Thumpd1 S88
Tjp1	[K].VQIPVSHPDPEPVSDNEDDSYDEEVHDPR.[A]	2xPhospho [S14(100); S20(100)]	S125	P39447	P39447 [112-140]	0.06	1.71e-14	-4.05889368905357	13.7670038896078	Tjp1 S125
Tjp1	[K].VQIPVSHPDPEPVSDNEDDSYDEEVHDPR.[A]	2xPhospho [S14(100); S20(100)]	S131	P39447	P39447 [112-140]	0.06	1.71e-14	-4.05889368905357	13.7670038896078	Tjp1 S131
Tjp2	[K].VQVAPLQGSPPLSHDDR.[G]	1xPhospho [S9(100)]	S107	Q9Z0U1	Q9Z0U1 [99-115]	0.286	0.004395	-1.8059129478837	2.35704112059021	Tjp2 S107
Tjp2	[R].AASRDQLR.[D]	1xPhospho [S3(100)]	S960	Q9Z0U1	Q9Z0U1 [958-965]	49.6	9.243e-12	5.63226821549951	11.0341870469634	Tjp2 S960
Tmpo	[R].QNGSNDSDRYSDNDEDSK.[I]	1xPhospho [S11(100)]	S183	Q61029	Q61029 [173-190]	100	7.931e-16	6.64385618977472	15.1006720501223	Tmpo S183
Tnks1bp1	[R].VPSSDEEVVEEPQSR.[R]	2xPhospho [S3(100); S4(100)]	S1611	P58871	P58871 [1609-1623]	0.034	2.028e-05	-4.87832144341175	4.6929320493387	Tnks1bp1 S1611
Tnks1bp1	[R].VPSSDEEVVEEPQSR.[R]	2xPhospho [S3(100); S4(100)]	S1612	P58871	P58871 [1609-1623]	0.034	2.028e-05	-4.87832144341175	4.6929320493387	Tnks1bp1 S1612
Tnks1bp1	[R].NRSAEEGEVTESK.[S]	1xPhospho [S3(100)]	S1657	P58871	P58871 [1655-1667]	12.87	0.01777	3.68594014844598	1.7503125721947	Tnks1bp1 S1657
Tnks1bp1	[R].SLSSGFSPEEAQQQDEEFEKK.[T]	1xPhospho [S3(98.9)]	S976	P58871	P58871 [974-994]	26.78	2.179e-05	4.74308405554959	4.66174276975374	Tnks1bp1 S976
Top2b	[K].IVETINSDSDSEFGIPK.[K]	2xPhospho [S7(100); S9(100)]	S1509	Q64511	Q64511 [1503-1519]	0.012	1.71e-14	-6.38082178394093	13.7670038896078	Top2b S1509
Top2b	[K].IVETINSDSDSEFGIPK.[K]	2xPhospho [S7(100); S9(100)]	S1511	Q64511	Q64511 [1503-1519]	0.012	1.71e-14	-6.38082178394093	13.7670038896078	Top2b S1511
Tpd52	[K].NSPTFKSFEEK.[V]	1xPhospho [S7(100)]	S175	Q62393	Q62393 [169-179]	7.046	5.949e-07	2.81680447483288	6.22555603107504	Tpd52 S175
Tpd52l1	[R].NSSTFKSFEER.[V]	1xPhospho [S7(100)]	S149	O54818	O54818 [143-153]	47.35	6.354e-09	5.56529252058102	8.19695278950887	Tpd52l1 S149
Tpd52l2	[R].NSATFKSFEDR.[V]	1xPhospho [S7(100)]	S180	Q9CYZ2	Q9CYZ2 [174-184]	6.562	2.157e-07	2.71413559385633	6.66614985489745	Tpd52l2 S180
Tppp	[K].RLSLESEGANEGATAAPELSALEEAFRR.[F]	1xPhospho [S3(100)]	S31	Q7TQD2	Q7TQD2 [29-56]	100	7.931e-16	6.64385618977472	15.1006720501223	Tppp S31
Tppp	[K].RLSLESEGANEGATAAPELSALEEAFR.[R]	2xPhospho [S3(100); S6(100)]	S34	Q7TQD2	Q7TQD2 [29-55]	0.027	5.149e-07	-5.21089678249862	6.28827710817276	Tppp S34
Tpr	[R].QTPQAPQSPR.[R]	1xPhospho [S8(100)]	S2141	F6ZDS4	F6ZDS4 [2134-2143]	8.781	1.103e-07	3.13438524646782	6.95742448755981	Tpr S2141
Tram1	[K].GTENGVNGTVTSNGADSPR.[N]	1xPhospho [S17(100)]	S365	Q91V04	Q91V04 [349-367]	0.08	0.003987	-3.64385618977472	2.39935376433761	Tram1 S365
Ttll12	[-].MEIQSGPQPGSPGRAER.[L]	1xAcetyl [N-Term]; 1xPhospho [S11(100)]	S11	Q3UDE2	Q3UDE2 [1-17]	20.92	0.002344	4.38681094647222	2.63004239265395	Ttll12 S11
Tuba4a	[K].DYEEVGIDSYEDEDEGEE.[-]	1xPhospho [S9(100)]	S439	P68368	P68368 [431-448]	0.048	0.009757	-4.38082178394093	2.01068369501005	Tuba4a S439
U2af2	[R].GAKEEHGGLIRSPR.[H]	1xPhospho [S12(100)]	S79	P26369	P26369 [68-81]	14.68	6.323e-05	3.87578006306849	4.19907681818678	U2af2 S79
Ufl1	[K].TGQGEDPSSDELDKEQHDVTNATR.[K]	2xPhospho [S8(100); S9(100)]	S752	Q8CCJ3	Q8CCJ3 [745-768]	0.034	0.0005122	-4.87832144341175	3.29056042586759	Ufl1 S752
Ufl1	[K].TGQGEDPSSDELDKEQHDVTNATR.[K]	2xPhospho [S8(100); S9(100)]	S753	Q8CCJ3	Q8CCJ3 [745-768]	0.034	0.0005122	-4.87832144341175	3.29056042586759	Ufl1 S753
Uso1	[K].DLGHPVEEEDESGDQEDDDDEIDDGDKDQDI.[-]	1xPhospho [S12(100)]	S940	Q9Z1Z0	Q9Z1Z0 [929-959]	0.182	3.078e-05	-2.45798964446339	4.51173138450454	Uso1 S940
Usp10	[K].CSPPVPSPLASEK.[Q]	1xCarbamidomethyl [C1]; 1xPhospho [S2(100)]	S359	P52479	P52479 [358-370]	13.99	0.001826	3.80632405739003	2.73849922680172	Usp10 S359
Vps4b	[K].GNDSDGEAESDDPEKK.[K]	1xPhospho [S4(100)]	S102	P46467	P46467 [99-114]	0.183	0.0001443	-2.45008444637804	3.84073366890651	Vps4b S102
Vps50	[K].SAYQDYDSDSDVPEELKR.[D]	1xPhospho [S8(100)]	S559	Q8CI71	Q8CI71 [552-569]	0.093	0.007598	-3.42662547355406	2.1193007107813	Vps50 S559
Wdr33	[R].DAPRPDHPPHDGHSPASR.[E]	1xPhospho [S14(100)]	S1204	Q8K4P0	Q8K4P0 [1191-1208]	0.059	0.03783	-4.08314123530025	1.42216365870726	Wdr33 S1204
Xrn2	[K].AEDSDSEPEPEDNVR.[L]	2xPhospho [S4(100); S6(100)]	S499	Q9DBR1	Q9DBR1 [496-510]	0.033	3.156e-07	-4.92139016530363	6.50086300546262	Xrn2 S499
Xrn2	[K].AEDSDSEPEPEDNVR.[L]	2xPhospho [S4(100); S6(100)]	S501	Q9DBR1	Q9DBR1 [496-510]	0.033	3.156e-07	-4.92139016530363	6.50086300546262	Xrn2 S501
Zc3h18	[K].SQDQDSEAHELSR.[G]	1xPhospho [S1(100)]	S75	Q0P678	Q0P678 [75-87]	0.136	0.01715	-2.87832144341175	1.76573587562121	Zc3h18 S75
Zc3h18	[R].MGSPKPER.[Q]	1xPhospho [S3(100)]	S863	Q0P678	Q0P678 [861-868]	19.12	1.362e-08	4.25701061820602	7.86582289242323	Zc3h18 S863
Akt3										
Kras										
Igf1r										
Insr										
mTor										
Raf1										
Mapk1										
