#node1	Annotated Sequence	Modifications	Modifications in Master Proteins	Master Protein Accessions	Positions in Master Proteins	(G12D_KO) / (G12D_WT)	Adj. P-Value: (G12D_KO) / (G12D_WT)	log2 (G12D_KO) / (G12D_WT)	-log10 Adj. P-Value: (G12D_KO) / (G12D_WT)
Tmpo	[R].QNGSNDSDRYSDNDEDSK.[I]	1xPhospho [S11(100)]	Q61029 1xPhospho [S183(100)]	Q61029	Q61029 [173-190]	100	7.93e-16	6.64385619	15.10067205
Srrm1	[K].RESPSPAPKPR.[K]	2xPhospho [S3(100); S5(100)]	Q52KI8 2xPhospho [S448(100); S450(100)]	Q52KI8	Q52KI8 [446-456]	0.01	7.93e-16	-6.64385619	15.10067205
Cckar	[K].RLSSGGGGGGGSSSSR.[Y]	2xPhospho [S3(100); S12(100)]	O08786 2xPhospho [S256(100); S265(100)]	O08786	O08786 [254-269]	100	7.93e-16	6.64385619	15.10067205
Tppp	[K].RLSLESEGANEGATAAPELSALEEAFRR.[F]	1xPhospho [S3(100)]	Q7TQD2 1xPhospho [S31(100)]	Q7TQD2	Q7TQD2 [29-56]	100	7.93e-16	6.64385619	15.10067205
Plin1	[R].LSLMEPESEFR.[D]	1xOxidation [M4]; 1xPhospho [S2(100)]	Q8CGN5 1xPhospho [S410(100)]	Q8CGN5	Q8CGN5 [409-419]	100	7.93e-16	6.64385619	15.10067205
Pgrmc2	[R].LLKPGEEPSEYTDEEDTKDHSKQD.[-]	1xPhospho [T12(100)]	Q80UU9 1xPhospho [T205(100)]	Q80UU9	Q80UU9 [194-217]	0.01	7.93e-16	-6.64385619	15.10067205
Gtpbp1	[R].LHGGFDSDCSEDGEALNGEPELDLTSK.[L]	1xCarbamidomethyl [C9]; 2xPhospho [S7(100); S10(100)]	O08582 2xPhospho [S44(100); S47(100)]	O08582	O08582 [38-64]	0.01	7.93e-16	-6.64385619	15.10067205
Rpl22l1	[R].YFQISQDEDGSESED.[-]	2xPhospho [S11(100); S13(100)]	Q9D7S7 2xPhospho [S118(100); S120(100)]	Q9D7S7	Q9D7S7 [108-122]	0.01	7.93e-16	-6.64385619	15.10067205
Cavin3	[K].VPELLGPEDQLVLGPDQPEDEVGESSEEEPVESR.[A]	2xPhospho [S25(100); S26(100)]	Q91VJ2 2xPhospho [S165(100); S166(100)]	Q91VJ2	Q91VJ2 [141-174]	0.01	7.93e-16	-6.64385619	15.10067205
Pdap1	[K].SLDSDESEDEDDDYQQK.[R]	2xPhospho [S4(100); S7(100)]	Q3UHX2 2xPhospho [S60(100); S63(100)]	Q3UHX2	Q3UHX2 [57-73]	0.01	7.93e-16	-6.64385619	15.10067205
Srsf10	[R].SRSFDYNYR.[R]	2xPhospho [S1(100); S3(100)]	Q9R0U0 2xPhospho [S131(100); S133(100)]	Q9R0U0	Q9R0U0 [131-139]	0.01	7.93e-16	-6.64385619	15.10067205
Ptges3	[R].FSEMMDHMGGDEDVDLPEVDGADDDSQDSDDEKMPDLE.[-]	1xOxidation [M]; 2xPhospho [S26(100); S29(100)]	Q9R0Q7 2xPhospho [S148(100); S151(100)]	Q9R0Q7	Q9R0Q7 [123-160]	0.01	7.93e-16	-6.64385619	15.10067205
Cbx1	[K].ADSDSEDKGEESKPK.[K]	1xPhospho [S3(100)]	P83917 1xPhospho [S89(100)]	P83917	P83917 [87-101]	100	7.93e-16	6.64385619	15.10067205
Synm	[R].DDAGQVSPSSDQR.[V]	1xPhospho [S7(100)]	Q70IV5 1xPhospho [S1087(100)]	Q70IV5	Q70IV5 [1081-1093]	100	7.93e-16	6.64385619	15.10067205
Eef1b	[K].DDDDIDLFGSDDEEESEEAKK.[L]	1xPhospho [S10(100)]	O70251 1xPhospho [S106(100)]	O70251	O70251 [97-117]	0.01	7.93e-16	-6.64385619	15.10067205
Srrm2	[R].CRSPGMLEPLGSAR.[T]	1xCarbamidomethyl [C1]; 1xOxidation [M6]; 1xPhospho [S3(100)]	Q8BTI8 1xPhospho [S2084(100)]	Q8BTI8	Q8BTI8 [2082-2095]	100	7.93e-16	6.64385619	15.10067205
Ncl	[K].KEDSDEDEDEEDEDDSDEDEDDEEEDEFEPPIVK.[G]	2xPhospho [S4(100); S16(100)]	P09405 2xPhospho [S145(100); S157(100)]	P09405	P09405 [142-175]	0.01	7.93e-16	-6.64385619	15.10067205
Bclaf1	[R].QKSPEIHR.[R]	1xPhospho [S3(100)]	Q8K019 1xPhospho [S646(100)]	Q8K019	Q8K019 [644-651]	100	7.93e-16	6.64385619	15.10067205
Myo18a	[R].FSHSYLSDSDTEAK.[L]	2xPhospho [S7(100); S9(100)]	Q9JMH9 2xPhospho [S2037(100); S2039(100)]	Q9JMH9	Q9JMH9 [2031-2044]	0.01	7.93e-16	-6.64385619	15.10067205
Gphn	[R].CSSKENILR.[A]	1xCarbamidomethyl [C1]; 1xPhospho [S3(100)]	Q8BUV3 1xPhospho [S328(100)]	Q8BUV3	Q8BUV3 [326-334]	100	7.93e-16	6.64385619	15.10067205
Dock7	[R].KGSWSER.[R]	1xPhospho [S3(100)]	Q8R1A4 1xPhospho [S432(100)]	Q8R1A4	Q8R1A4 [430-436]	100	7.93e-16	6.64385619	15.10067205
Rbm39	[R].SKSPFR.[K]	2xPhospho [S1(100); S3(100)]	Q8VH51 2xPhospho [S127(100); S129(100)]	Q8VH51	Q8VH51 [127-132]	100	7.93e-16	6.64385619	15.10067205
Ssr3	[R].KLSEADNR.[K]	1xPhospho [S3(100)]	Q9DCF9 1xPhospho [S105(100)]	Q9DCF9	Q9DCF9 [103-110]	93.15	7.93e-16	6.541483864	15.10067205
Ranbp3	[R].TSSLTHSEEK.[S]	1xPhospho [S3(100)]	Q9CT10 1xPhospho [S58(100)]	Q9CT10	Q9CT10 [56-65]	90.91	7.93e-16	6.506367093	15.10067205
Thumpd1	[K].FIDKDQQPSGSEGEDDDAEAALKK.[E]	2xPhospho [S9(100); S11(100)]	Q99J36 2xPhospho [S86(100); S88(100)]	Q99J36	Q99J36 [78-101]	0.011	7.93e-16	-6.506352666	15.10067205
Ndrg1	[-].MSRELHDVDLAEVKPLVEK.[G]	1xMet-loss+Acetyl [N-Term]; 1xPhospho [S2(100)]	Q62433 1xMet-loss+Acetyl [N-Term]; 1xPhospho [S2(100)]	Q62433	Q62433 [1-19]	71.83	7.93e-16	6.16651461	15.10067205
Eef1d	[K].GATPAEDDEDKDIDLFGSDEEEEDKEAAR.[L]	2xPhospho [T3(100); S18(100)]	P57776 2xPhospho [T147(100); S162(100)]	P57776	P57776 [145-173]	0.014	7.93e-16	-6.158429363	15.10067205
Dnajc1	[K].DFDISEQNDSSDEEK.[Q]	2xPhospho [S10(100); S11(100)]	Q61712 2xPhospho [S477(100); S478(100)]	Q61712	Q61712 [468-482]	0.014	7.93e-16	-6.158429363	15.10067205
Purb	[R].RGGGSGGGDESEGEEVDED.[-]	1xPhospho [S11(100)]	O35295 1xPhospho [S316(100)]	O35295	O35295 [306-324]	0.016	7.93e-16	-5.965784285	15.10067205
Coro1a	[R].ATPEPSGTPSSDTVSR.[L]	1xPhospho [T2(100)]	O89053 1xPhospho [T418(100)]	O89053	O89053 [417-432]	0.016	7.93e-16	-5.965784285	15.10067205
Eif3c	[R].QLTPPEGSSK.[S]	1xPhospho [T3(100)]	Q8R1B4 1xPhospho [T522(100)]	Q8R1B4	Q8R1B4 [520-529]	54.99	7.93e-16	5.781097381	15.10067205
Srsf7	[R].SRSGSIIGSR.[Y]	3xPhospho [S1(100); S3(100); S5(100)]	Q8BL97 3xPhospho [S208(100); S210(100); S212(100)]	Q8BL97	Q8BL97 [208-217]	0.019	7.93e-16	-5.717856771	15.10067205
Parva	[K].SPTPKSPPSR.[K]	1xPhospho [S6(100)]	Q9EPC1 1xPhospho [S19(100)]	Q9EPC1	Q9EPC1 [14-23]	47.16	7.93e-16	5.559491813	15.10067205
Hsp90ab1	[K].IEDVGSDEEDDSGKDKK.[K]	1xPhospho [S6(100)]	P11499 1xPhospho [S255(100)]	P11499	P11499 [250-266]	0.035	7.93e-16	-4.836501268	15.10067205
Top2b	[K].IVETINSDSDSEFGIPK.[K]	2xPhospho [S7(100); S9(100)]	Q64511 2xPhospho [S1509(100); S1511(100)]	Q64511	Q64511 [1503-1519]	0.012	1.71e-14	-6.380821784	13.76700389
Tjp1	[K].VQIPVSHPDPEPVSDNEDDSYDEEVHDPR.[A]	2xPhospho [S14(100); S20(100)]	P39447 2xPhospho [S125(100); S131(100)]	P39447	P39447 [112-140]	0.06	1.71e-14	-4.058893689	13.76700389
Akap12	[R].RPSESDKEEELDK.[V]	2xPhospho [S3(100); S5(100)]	Q9WTQ5 2xPhospho [S613(100); S615(100)]	Q9WTQ5	Q9WTQ5 [611-623]	0.027	8.26e-14	-5.210896782	13.08296738
Prpf4b	[R].KSKSPPLR.[R]	2xPhospho [S2(100); S4(100)]	Q61136 2xPhospho [S240(100); S242(100)]	Q61136	Q61136 [239-246]	82.96	1.78e-13	6.374343989	12.75006824
Eif5b	[K].KTSFDENDSEELEDKDSK.[S]	2xPhospho [S9(100); T/S]	Q05D44 2xPhospho [S114(100); T/S]	Q05D44	Q05D44 [106-123]	0.017	1.78e-13	-5.878321443	12.75006824
Rplp0	[K].AEAKEESEESDEDMGFGLFD.[-]	1xOxidation [M14]; 2xPhospho [S7(100); S10(100)]	P14869 2xPhospho [S304(100); S307(100)]	P14869	P14869 [298-317]	0.065	3.78e-13	-3.943416472	12.42308304
Ap3d1	[K].KGEDLDFWLSTTPPPAAAPIPAPSTEELAASTITSPK.[D]	1xPhospho [T12(99.3)]	O54774 1xPhospho [T870(99.3)]	O54774	O54774 [859-895]	51.1	1.07e-12	5.675251386	11.97142875
Dnajc2	[K].ELSEESEDEELQLEEFPMLK.[T]	1xPhospho [S3(99.3)]	P54103 1xPhospho [S60(99.3)]	P54103	P54103 [58-77]	0.031	3.7e-12	-5.011587974	11.43191567
Eif3b	[R].QQPASESPPTDEAAGSGGSEVGQTEDAEEDAEAGPEPEVR.[A]	2xPhospho [S16(100); S19(100)]	Q8JZQ9 2xPhospho [S37(100); S40(100)]	Q8JZQ9	Q8JZQ9 [22-61]	0.021	5.85e-12	-5.573466862	11.23262148
Tjp2	[R].AASRDQLR.[D]	1xPhospho [S3(100)]	Q9Z0U1 1xPhospho [S960(100)]	Q9Z0U1	Q9Z0U1 [958-965]	49.6	9.24e-12	5.632268215	11.03418705
Hnrnpk	[K].IIPTLEEGLQLPSPTATSQLPLESDAVECLNYQHYK.[G]	1xCarbamidomethyl [C29]; 1xPhospho [S13(99.2)]	P61979 1xPhospho [S116(99.2)]	P61979	P61979 [104-139]	18.56	9.75e-12	4.214124805	11.01117359
Thrap3	[K].NKKSPEIHR.[R]	1xPhospho [S4(100)]	Q569Z6 1xPhospho [S669(100)]	Q569Z6	Q569Z6 [666-674]	59.59	1.04e-11	5.896998342	10.98213228
Rpl13	[K].KGDSSAEELK.[L]	1xPhospho [S5(99.6)]	P47963 1xPhospho [S140(99.6)]	P47963	P47963 [136-145]	12.17	1.23e-11	3.605257263	10.91186391
Mybbp1a	[K].QLQHGEDEDSDNEDNK.[N]	1xPhospho [S10(100)]	Q7TPV4 1xPhospho [S722(100)]	Q7TPV4	Q7TPV4 [713-728]	15.16	1.44e-11	3.922197848	10.84043281
Stt3b	[R].ENPPVEDSSDEDDKRNPGNLYDK.[A]	1xPhospho [S9(99.5)]	Q3TDQ1 1xPhospho [S496(99.5)]	Q3TDQ1	Q3TDQ1 [488-510]	0.061	7.08e-11	-4.035046947	10.15008944
Eif4g1	[R].EATLPPVSPPKAALSVDEVEKK.[S]	1xPhospho [S8(100)]	Q6NZJ6 1xPhospho [S1231(100)]	Q6NZJ6	Q6NZJ6 [1224-1245]	28.29	1.28e-10	4.822220272	9.893129456
Rbmxl1	[R].STPSGPVR.[S]	1xPhospho [T2(100)]	Q91VM5 1xPhospho [T163(100)]	Q91VM5	Q91VM5 [162-169]	77.95	1.77e-10	6.284477118	9.75325529
Nolc1	[K].AAKESEEEEEEEETEEKK.[K]	1xPhospho [S5(100)]	E9Q5C9 1xPhospho [S563(100)]	E9Q5C9	E9Q5C9 [559-576]	0.019	2.12e-10	-5.717856771	9.673664139
Sec31a	[K].DSDQVAQSDGEESPAAEEQLLGER.[I]	2xPhospho [S8(100); S13(100)]	Q3UPL0 2xPhospho [S526(100); S531(100)]	Q3UPL0	Q3UPL0 [519-542]	0.087	6.94e-10	-3.522840789	9.158577956
Rplp2	[K].DEKKEESEESDDDMGFGLFD.[-]	2xPhospho [S7(100); S10(100)]	P99027 2xPhospho [S102(100); S105(100)]	P99027	P99027 [96-115]	0.015	8.02e-10	-6.058893689	9.095988116
Dkc1	[R].KRDSESESDETPTVPQLK.[E]	2xPhospho [S4(100); S6(100)]	Q9ESX5 2xPhospho [S451(100); S453(100)]	Q9ESX5	Q9ESX5 [448-465]	0.018	1.95e-09	-5.795859283	8.710857164
Cobll1	[R].QSSLTFQSSDPEHVR.[Q]	1xPhospho [S3(100)]	Q3UMF0 1xPhospho [S1215(100)]	Q3UMF0	Q3UMF0 [1213-1227]	9.737	2.42e-09	3.283477342	8.615825861
G3bp2	[R].YEDEVFGDSEPELDEESEDEVEEEQEDR.[Q]	2xPhospho [S9(100); S17(100)]	P97379 2xPhospho [S141(100); S149(100)]	P97379	P97379 [133-160]	0.019	4.22e-09	-5.717856771	8.375099398
Cavin2	[K].SLEETLHNVDLSSDDELPR.[D]	2xPhospho [S12(100); S13(100)]	Q63918 2xPhospho [S203(100); S204(100)]	Q63918	Q63918 [192-210]	0.049	4.32e-09	-4.351074441	8.364214764
Osbp	[K].MLAESDDSGDEESVSQTDK.[T]	2xPhospho [S5(100); S8(100)]	Q3B7Z2 2xPhospho [S188(100); S191(100)]	Q3B7Z2	Q3B7Z2 [184-202]	0.02	5.53e-09	-5.64385619	8.257510535
Tpd52l1	[R].NSSTFKSFEER.[V]	1xPhospho [S7(100)]	O54818 1xPhospho [S149(100)]	O54818	O54818 [143-153]	47.35	6.35e-09	5.565292521	8.19695279
Atad1	[R].EYVNSTSEESHDEDEIRPVQQQDLHR.[A]	1xPhospho [S10(100)]	Q9D5T0 1xPhospho [S322(100)]	Q9D5T0	Q9D5T0 [313-338]	0.014	8.68e-09	-6.158429363	8.061580354
Rabl6	[K].NISLSSEEEAEGLAGHPR.[V]	2xPhospho [S5(100); S6(100)]	Q5U3K5 2xPhospho [S482(100); S483(100)]	Q5U3K5	Q5U3K5 [478-495]	0.027	1.03e-08	-5.210896782	7.987584625
Zc3h18	[R].MGSPKPER.[Q]	1xPhospho [S3(100)]	Q0P678 1xPhospho [S863(100)]	Q0P678	Q0P678 [861-868]	19.12	1.36e-08	4.257010618	7.865822892
Hnrnpc	[K].EPEEGEDDRDSANGEDDS.[-]	1xPhospho [S18(99.4)]	Q9Z204 1xPhospho [S313(99.4)]	Q9Z204	Q9Z204 [296-313]	17.69	1.5e-08	4.144862143	7.823330067
Ostf1	[R].TLSNAEDYLDDEDSD.[-]	1xPhospho [S14(100)]	Q62422 1xPhospho [S214(100)]	Q62422	Q62422 [201-215]	0.047	1.81e-08	-4.411195433	7.743282254
Rpl15	[R].QLSALHR.[A]	1xPhospho [S3(100)]	Q9CZM2 1xPhospho [S34(100)]	Q9CZM2	Q9CZM2 [32-38]	39.91	1.9e-08	5.318678374	7.720561212
Srsf1	[K].VDGPRSPSYGR.[S]	2xPhospho [S6(100); S8(100)]	Q6PDM2 2xPhospho [S199(100); S201(100)]	Q6PDM2	Q6PDM2 [194-204]	8.593	2.17e-08	3.103161895	7.663340177
Ctnnd1	[R].GSLASLDSLRK.[G]	3xPhospho [S2(100); S5(100); S8(100)]	P30999 3xPhospho [S346(100); S349(100); S352(100)]	P30999	P30999 [345-355]	0.025	2.23e-08	-5.321928095	7.65130581
Eif3g	[K].GIPLPTGDTSPEPELLPGDPLPPPK.[E]	2xPhospho [T9(100); S10(100)]	Q9Z1D1 2xPhospho [T41(100); S42(100)]	Q9Z1D1	Q9Z1D1 [33-57]	0.125	2.25e-08	-3	7.647817482
Nucks1	[R].KVVDYSQFQESDDADEDYGR.[D]	1xPhospho [S11(100)]	Q80XU3 1xPhospho [S19(100)]	Q80XU3	Q80XU3 [9-28]	0.022	5.06e-08	-5.506352666	7.296192935
Bcl2l13	[R].AEKTSPTPSVFVELGEEELEAVTARPEAVER.[A]	1xPhospho [S5(100)]	P59017 1xPhospho [S343(100)]	P59017	P59017 [339-369]	23.6	8.46e-08	4.560714954	7.072732319
Tpr	[R].QTPQAPQSPR.[R]	1xPhospho [S8(100)]	F6ZDS4 1xPhospho [S2141(100)]	F6ZDS4	F6ZDS4 [2134-2143]	8.781	1.1e-07	3.134385246	6.957424488
Gcg	[R].HADGSFSDEMSTILDNLATR.[D]	1xOxidation [M10]; 2xPhospho [S5(100); S7(100)]	P55095 2xPhospho [S150(100); S152(100)]	P55095	P55095 [146-165]	0.018	2.07e-07	-5.795859283	6.685079944
Tpd52l2	[R].NSATFKSFEDR.[V]	1xPhospho [S7(100)]	Q9CYZ2 1xPhospho [S180(100)]	Q9CYZ2	Q9CYZ2 [174-184]	6.562	2.16e-07	2.714135594	6.666149855
Prpsap1	[R].LGLAVIHGEAQCTELDMDDGRHSPPMVK.[N]	1xCarbamidomethyl [C12]; 2xOxidation [M17; M26]; 1xPhospho [S23(100)]	Q9D0M1 1xPhospho [S215(100)]	Q9D0M1	Q9D0M1 [193-220]	46.71	2.22e-07	5.54565954	6.653842698
Chd4	[K].MSQPGSPSPK.[T]	1xPhospho [S6(99.6)]	Q6PDQ2 1xPhospho [S1528(99.6)]	Q6PDQ2	Q6PDQ2 [1523-1532]	0.091	2.95e-07	-3.457989644	6.529589509
Xrn2	[K].AEDSDSEPEPEDNVR.[L]	2xPhospho [S4(100); S6(100)]	Q9DBR1 2xPhospho [S499(100); S501(100)]	Q9DBR1	Q9DBR1 [496-510]	0.033	3.16e-07	-4.921390165	6.500863005
Cers2	[K].LIEDERSDR.[E]	1xPhospho [S7(100)]	Q924Z4 1xPhospho [S341(100)]	Q924Z4	Q924Z4 [335-343]	7.164	4.17e-07	2.840765337	6.3796557
Supt5h	[R].SAAGSEKEEEPEEEEEEEEEYDEEEEEEDDDRPPK.[K]	2xPhospho [S1(100); S5(100)]	O55201 2xPhospho [S32(100); S36(100)]	O55201	O55201 [32-66]	0.014	4.96e-07	-6.158429363	6.304693478
Larp1	[R].ESPRPPAAAEAPAGSDGEDGGRR.[D]	2xPhospho [S2(100); S15(100)]	Q6ZQ58 2xPhospho [S68(100); S81(100)]	Q6ZQ58	Q6ZQ58 [67-89]	0.03	5.13e-07	-5.058893689	6.289628736
Rrbp1	[K].EPVRVSAVAVAPTSVHSSVGHTPIATVPAMPQEK.[L]	1xOxidation [M30]; 1xPhospho [S6(100)]	Q99PL5 1xPhospho [S103(100)]	Q99PL5	Q99PL5 [98-131]	40.03	5.15e-07	5.323009711	6.288192771
Cltc	[K].GILRTPDTIR.[R]	1xPhospho [T5(100)]	Q68FD5 1xPhospho [T394(100)]	Q68FD5	Q68FD5 [390-399]	7.072	5.61e-07	2.822118275	6.25111456
Tpd52	[K].NSPTFKSFEEK.[V]	1xPhospho [S7(100)]	Q62393 1xPhospho [S175(100)]	Q62393	Q62393 [169-179]	7.046	5.95e-07	2.816804475	6.225556031
Son	[K].SPDPYR.[L]	1xPhospho [S1(100)]	Q9QX47 1xPhospho [S905(100)]	Q9QX47	Q9QX47 [905-910]	18.85	9.42e-07	4.236492618	6.025995203
Bckdha	[R].SVDEVNYWDKQDHPISR.[L]	1xPhospho [S1(100)]	P50136 1xPhospho [S344(100)]	P50136	P50136 [344-360]	0.024	1.04e-06	-5.380821784	5.983802646
Hdgf	[K].GSAEGSSDEEGKLVIDEPAK.[E]	2xPhospho [S6(100); S7(100)]	P51859 2xPhospho [S132(100); S133(100)]	P51859	P51859 [127-146]	0.025	2.17e-06	-5.321928095	5.664542099
Eif4b	[K].SLENETLNKEEDCHSPTSKPPKPDQPLK.[V]	1xCarbamidomethyl [C13]; 2xPhospho [S1(100); S15(100)]	Q8BGD9 2xPhospho [S445(100); S459(100)]	Q8BGD9	Q8BGD9 [445-472]	0.071	2.63e-06	-3.816037165	5.579549141
Flna	[K].CSGPGLSPGMVR.[A]	1xCarbamidomethyl [C1]; 1xPhospho [S7(100)]	Q8BTM8 1xPhospho [S1459(100)]	Q8BTM8	Q8BTM8 [1453-1464]	30.06	2.93e-06	4.909773104	5.533428928
Niban1	[K].HNLFEDNMALPSESVSSLTDLK.[T]	1xOxidation [M8]; 2xPhospho [S14(100); S17(99.5)]	Q3UW53 2xPhospho [S578(100); S581(99.5)]	Q3UW53	Q3UW53 [565-586]	0.083	3.12e-06	-3.590744853	5.505567101
Fndc3a	[K].CPSPISEHNGLIK.[G]	1xCarbamidomethyl [C1]; 1xPhospho [S3(100)]	Q8BX90 1xPhospho [S213(100)]	Q8BX90	Q8BX90 [211-223]	5.985	3.74e-06	2.581351247	5.42666416
Plekho2	[R].SSSLGDLLR.[E]	1xPhospho [S3(100)]	Q8K124 1xPhospho [S395(100)]	Q8K124	Q8K124 [393-401]	0.084	4.23e-06	-3.573466862	5.373967752
Abcf1	[K].GGNVFEALIQDDSEEEEEEEENR.[V]	1xPhospho [S13(100)]	Q6P542 1xPhospho [S138(100)]	Q6P542	Q6P542 [126-148]	0.16	5e-06	-2.64385619	5.301203748
Atxn2l	[R].QGSGRESPSLVSR.[E]	1xPhospho [S7(99.2)]	Q7TQH0 1xPhospho [S337(99.2)]	Q7TQH0	Q7TQH0 [331-343]	6.026	5.24e-06	2.591200673	5.280502983
Eif4ebp1	[K].TPPKDLPAIPGVTSPTSDEPPMQASQSQLPSSPEDKR.[A]	1xOxidation [M22]; 1xPhospho [T1(100)]	Q60876 1xPhospho [T69(100)]	Q60876	Q60876 [69-105]	0.047	5.59e-06	-4.411195433	5.252432837
Fn1	[R].TNTNVNCPIECFMPLDVQADRDDSRE.[-]	2xCarbamidomethyl [C7; C11]; 1xOxidation [M13]; 1xPhospho [S24(100)]	P11276 1xPhospho [S2475(100)]	P11276	P11276 [2452-2477]	0.028	7.32e-06	-5.158429363	5.135548253
Bin1	[R].VNHEPEPASGASPGATIPKSPSQLR.[K]	1xPhospho [S20(99.3)]	O08539 1xPhospho [S332(99.3)]	O08539	O08539 [313-337]	32.51	7.48e-06	5.022811651	5.126388803
Ppp1r7	[R].RVESEESGDEEGKK.[H]	2xPhospho [S4(100); S7(100)]	Q3UM45 2xPhospho [S24(100); S27(100)]	Q3UM45	Q3UM45 [21-34]	0.039	8.25e-06	-4.680382066	5.083335535
Col1a1	[K].SAGVSVPGPMGPSGPR.[G]	1xPhospho [S13(100)]	P11087 1xPhospho [S173(100)]	P11087	P11087 [161-176]	28.15	1.04e-05	4.815063017	4.982132281
Itgb4	[K].QLLVEAIDVPVGTATLGR.[R]	1xPhospho [T13(100)]	A2A863 1xPhospho [T973(100)]	A2A863	A2A863 [961-978]	35.34	1.05e-05	5.143230135	4.978397284
Sec62	[R].EDDRSQHSSGNGNDFEMITK.[E]	1xOxidation [M17]; 2xPhospho [S5(100); S8(98.4)]	Q8BU14 2xPhospho [S353(100); S356(98.4)]	Q8BU14	Q8BU14 [349-368]	0.023	1.08e-05	-5.442222329	4.966978555
Aimp2	[K].TTSPATDAGHVQETSEPSLQALESR.[Q]	1xPhospho [S3(99)]	Q8R010 1xPhospho [S36(99)]	Q8R010	Q8R010 [34-58]	22.04	1.12e-05	4.462052319	4.950781977
Akap8	[R].ADSDGDLSENDDGAGDLR.[S]	2xPhospho [S3(100); S8(100)]	Q9DBR0 2xPhospho [S320(100); S325(100)]	Q9DBR0	Q9DBR0 [318-335]	0.014	1.32e-05	-6.158429363	4.878768545
Aven	[R].VEEDSDSETYGEENDEQGNFSR.[R]	1xPhospho [S5(100)]	Q9D9K3 1xPhospho [S82(100)]	Q9D9K3	Q9D9K3 [78-99]	0.018	1.43e-05	-5.795859283	4.84375381
Rbm25	[K].QEPESEEEEEEKQEK.[E]	1xPhospho [S5(100)]	B2RY56 1xPhospho [S578(100)]	B2RY56	B2RY56 [574-588]	31.3	1.55e-05	4.968090752	4.808548986
Sparcl1	[K].AEKPSALNSEEETHEQSTEQDK.[T]	1xPhospho [S9(100)]	P70663 1xPhospho [S70(100)]	P70663	P70663 [62-83]	60.89	1.57e-05	5.928133408	4.805485658
Tnks1bp1	[R].VPSSDEEVVEEPQSR.[R]	2xPhospho [S3(100); S4(100)]	P58871 2xPhospho [S1611(100); S1612(100)]	P58871	P58871 [1609-1623]	0.034	2.03e-05	-4.878321443	4.692932049
Pdcl3	[K].TYEDMTLEELEENEDEFSEEDER.[A]	1xOxidation [M5]; 1xPhospho [S18(100)]	Q8BVF2 1xPhospho [S65(100)]	Q8BVF2	Q8BVF2 [48-70]	0.028	2.83e-05	-5.158429363	4.547753425
Acacb	[R].TVSPSREDR.[K]	1xPhospho [S3(100)]	E9Q4Z2 1xPhospho [S136(100)]	E9Q4Z2	E9Q4Z2 [134-142]	27.14	3.07e-05	4.762348816	4.513427849
Uso1	[K].DLGHPVEEEDESGDQEDDDDEIDDGDKDQDI.[-]	1xPhospho [S12(100)]	Q9Z1Z0 1xPhospho [S940(100)]	Q9Z1Z0	Q9Z1Z0 [929-959]	0.182	3.08e-05	-2.457989644	4.511731385
Atp2b1	[R].IEDSEPHIPLIDDTDAEDDAPTKR.[N]	1xPhospho [S4(100)]	G5E829 1xPhospho [S1155(100)]	G5E829	G5E829 [1152-1175]	0.059	3.32e-05	-4.083141235	4.479123618
Camk2d	[R].QETVDCLK.[K]	1xCarbamidomethyl [C6]; 1xPhospho [T3(100)]	Q6PHZ2 1xPhospho [T287(100)]	Q6PHZ2	Q6PHZ2 [285-292]	5.728	4.19e-05	2.518031493	4.37788964
Sec16a	[R].YSEPERPSSRASHYSDQLAPR.[Q]	3xPhospho [S12(99.6); S15(100); S/Y]	E9QAT4 3xPhospho [S1242(99.6); S1245(100); S/Y]	E9QAT4	E9QAT4 [1231-1251]	0.097	4.98e-05	-3.365871442	4.302683458
Prrc2a	[K].LKFSDEEDGRDSDEEGAEGHK.[D]	2xPhospho [S4(100); S12(100)]	Q7TSC1 2xPhospho [S342(100); S350(100)]	Q7TSC1	Q7TSC1 [339-359]	0.108	5.16e-05	-3.210896782	4.287350298
Plec	[K].RASFAEK.[T]	1xPhospho [S3(100)]	Q9QXS1 1xPhospho [S1729(100)]	Q9QXS1	Q9QXS1 [1727-1733]	9.204	6.07e-05	3.202260984	4.216811309
U2af2	[R].GAKEEHGGLIRSPR.[H]	1xPhospho [S12(100)]	P26369 1xPhospho [S79(100)]	P26369	P26369 [68-81]	14.68	6.32e-05	3.875780063	4.199076818
Hdac2	[R].MLPHAPGVQMQAIPEDAVHEDSGDEDGEDPDKR.[I]	1xPhospho [S22(100)]	P70288 1xPhospho [S394(100)]	P70288	P70288 [373-405]	0.06	6.69e-05	-4.058893689	4.174444068
Srsf6	[R].SHSPLPAPPSK.[A]	2xPhospho [S1(100); S3(100)]	Q3TWW8 2xPhospho [S301(100); S303(100)]	Q3TWW8	Q3TWW8 [301-311]	0.176	7.38e-05	-2.506352666	4.131767132
Map7	[R].TLSPSNLK.[A]	1xPhospho [S3(100)]	O88735 1xPhospho [S316(100)]	O88735	O88735 [314-321]	24.37	7.53e-05	4.607034346	4.12332039
Hsp90aa1	[K].ESDDKPEIEDVGSDEEEEEKKDGDK.[K]	1xPhospho [S13(100)]	P07901 1xPhospho [S263(100)]	P07901	P07901 [251-275]	0.199	9.62e-05	-2.329159664	4.016824928
Aarsd1	[R].GAQADHFTESPLSPGSQVQVR.[V]	1xPhospho [S13(100)]	Q3THG9 1xPhospho [S88(100)]	Q3THG9	Q3THG9 [76-96]	21.31	9.9e-05	4.413458688	4.004584201
Sirt2	[K].VQEAQDSDSDTEGGATGGEAEMDFLR.[N]	2xPhospho [S7(100); S9(100)]	Q8VDQ8 2xPhospho [S23(100); S25(100)]	Q8VDQ8	Q8VDQ8 [17-42]	0.02	0.0001054	-5.64385619	3.977159389
Sptbn1	[R].TSSKESSPVPSPTLDR.[K]	3xPhospho [S3(98.4); S6(99.2); T13(99.2)]	Q62261 3xPhospho [S2160(98.4); S2163(99.2); T2170(99.2)]	Q62261	Q62261 [2158-2173]	0.116	0.0001375	-3.10780329	3.861697302
Acin1	[K].SLSPGVSR.[D]	2xPhospho [S1(100); S3(100)]	Q9JIX8 2xPhospho [S655(100); S657(100)]	Q9JIX8	Q9JIX8 [655-662]	0.2	0.0001387	-2.321928095	3.857923539
Vps4b	[K].GNDSDGEAESDDPEKK.[K]	1xPhospho [S4(100)]	P46467 1xPhospho [S102(100)]	P46467	P46467 [99-114]	0.183	0.0001443	-2.450084446	3.840733669
Raly	[R].DDGDEEGLLTHSEEELEHSQDTDAEDGALQ.[-]	2xPhospho [T10(100); S12(100)]	Q64012 2xPhospho [T292(100); S294(100)]	Q64012	Q64012 [283-312]	0.051	0.0001677	-4.293358943	3.775466937
Arfgef3	[R].LPSLSVQPVSNADWVWLVK.[R]	1xPhospho [S3(100)]	Q3UGY8 1xPhospho [S1881(100)]	Q3UGY8	Q3UGY8 [1879-1897]	17.16	0.0001677	4.100977648	3.775466937
Cavin1	[K].EGDELGEGERPEDDTAAIELSSDEAVEVEEVIEESR.[A]	2xPhospho [S21(100); S22(100)]	O54724 2xPhospho [S204(100); S205(100)]	O54724	O54724 [184-219]	0.1	0.0001827	-3.321928095	3.738261453
Slc38a10	[R].QDVFGEGSEERK.[E]	1xPhospho [S8(100)]	Q5I012 1xPhospho [S887(100)]	Q5I012	Q5I012 [880-891]	19.53	0.00022	4.287620044	3.657577319
Gapdh	[K].VIHDNFGIVEGLMTTVHAITATQK.[T]	1xOxidation [M13]; 1xPhospho [T22(100)]	P16858 1xPhospho [T182(100)]	P16858	P16858 [161-184]	18.88	0.0002211	4.23878686	3.655411257
Samhd1	[R].CDGSPRTPPSTPPATANLSADDDFQNTDLR.[T]	1xCarbamidomethyl [C1]; 1xPhospho [T7(99.3)]	Q60710 1xPhospho [T52(99.3)]	Q60710	Q60710 [46-75]	20.77	0.0002554	4.376429311	3.592779107
Akt2	[R].YFDDEFTAQSITITPPDRYDSLDPLELDQR.[T]	1xPhospho [T14(100)]	Q60823 1xPhospho [T451(100)]	Q60823	Q60823 [438-467]	20.03	0.000277	4.324090516	3.557520231
Sptan1	[K].KLDPAQSASRENLLEEQGSIALR.[Q]	1xPhospho [S9(99.5)]	P16546 1xPhospho [S1031(99.5)]	P16546	P16546 [1023-1045]	4.903	0.0003016	2.293664762	3.520568663
Ahsg	[R].HAFSPVASVESASGETLHSPK.[V]	3xPhospho [S8(100); S11(100); S13(99.4)]	P29699 3xPhospho [S309(100); S312(100); S314(99.4)]	P29699	P29699 [302-322]	0.012	0.0003018	-6.380821784	3.520280765
Hspb1	[R].QLSSGVSEIR.[Q]	1xPhospho [S3(100)]	P14602 1xPhospho [S86(100)]	P14602	P14602 [84-93]	4.476	0.0003093	2.162210036	3.50962008
Ric8a	[R].GLMAGGRPEGQYSEDEDTDTEEYR.[E]	2xPhospho [S13(100); T18(100)]	Q3TIR3 2xPhospho [S435(100); T440(100)]	Q3TIR3	Q3TIR3 [423-446]	0.011	0.0003593	-6.506352666	3.444542783
Srsf2	[R].SKSPPKSPEEEGAVSS.[-]	3xPhospho [S1(100); S3(100); S7(100)]	Q62093 3xPhospho [S206(100); S208(100); S212(100)]	Q62093	Q62093 [206-221]	0.136	0.000418	-2.878321443	3.378823718
Map2	[K].DKVTDGISKSPEK.[R]	1xPhospho [S10(100)]	P20357 1xPhospho [S1539(100)]	P20357	P20357 [1530-1542]	5.231	0.0004547	2.38708677	3.342275046
Myh9	[R].KGTGDCSDEEVDGKADGADAK.[A]	1xCarbamidomethyl [C6]; 1xPhospho [S7(100)]	Q8VDD5 1xPhospho [S1943(100)]	Q8VDD5	Q8VDD5 [1937-1957]	0.176	0.0004829	-2.506352666	3.316142795
Ufl1	[K].TGQGEDPSSDELDKEQHDVTNATR.[K]	2xPhospho [S8(100); S9(100)]	Q8CCJ3 2xPhospho [S752(100); S753(100)]	Q8CCJ3	Q8CCJ3 [745-768]	0.034	0.0005122	-4.878321443	3.290560426
Prkcd	[R].CTGTATNSRDTIFQK.[E]	1xCarbamidomethyl [C1]; 1xPhospho [T11(100)]	P28867 1xPhospho [T218(100)]	P28867	P28867 [208-222]	15.06	0.0005204	3.912649865	3.283662712
Irf2bp2	[R].NSSSPPSPSSMNQR.[R]	1xPhospho [S4(99.3)]	E9Q1P8 1xPhospho [S440(99.3)]	E9Q1P8	E9Q1P8 [437-450]	17.16	0.0007653	4.100977648	3.116168287
Matr3	[R].RDSFDDR.[G]	1xPhospho [S3(100)]	Q8K310 1xPhospho [S188(100)]	Q8K310	Q8K310 [186-192]	3.963	0.0007973	1.986592967	3.098378236
Irag2	[R].SSSLNSKPSSLR.[R]	1xPhospho [S3(97.4)]	Q60664 1xPhospho [S347(97.4)]	Q60664	Q60664 [345-356]	20.7	0.0008029	4.371558863	3.095338542
Add1	[K].QKGSEENLDETR.[E]	1xPhospho [S4(100)]	Q9QYC0 1xPhospho [S586(100)]	Q9QYC0	Q9QYC0 [583-594]	7.177	0.0008673	2.843380921	3.061830654
Nedd4	[K].RPSPDDDLTDEDNDDMQLQAQR.[A]	1xOxidation [M16]; 1xPhospho [T9(100)]	P46935 1xPhospho [T287(100)]	P46935	P46935 [279-300]	0.093	0.0009432	-3.426625474	3.025396208
Pcbp1	[R].QQSHFAMMHGGTGFAGIDSSSPEVK.[G]	1xPhospho [S3(100)]	P60335 1xPhospho [S246(100)]	P60335	P60335 [244-268]	14.95	0.001322	3.902073579	2.878768545
Srsf4	[K].SKPNVPAESR.[S]	1xPhospho [S9(100)]	Q8VE97 1xPhospho [S453(100)]	Q8VE97	Q8VE97 [445-454]	0.166	0.001329	-2.590744853	2.876475019
Ssr1	[K].VEMGTSSQNDVDMSWIPQETLNQINKASPR.[R]	1xPhospho [S28(100)]	Q9CY50 1xPhospho [S268(100)]	Q9CY50	Q9CY50 [241-270]	3.926	0.001344	1.973060173	2.871600731
Gnl1	[R].EEQTDTSDGESVTHHIR.[R]	1xPhospho [S7(100)]	P36916 1xPhospho [S51(100)]	P36916	P36916 [45-61]	0.114	0.0014	-3.13289427	2.853871964
Eloa	[K].KFSPALDVASDNHFK.[K]	1xPhospho [S3(100)]	Q8CB77 1xPhospho [S309(100)]	Q8CB77	Q8CB77 [307-321]	0.038	0.001559	-4.717856771	2.807153885
Myh11	[R].RVIENTDGSEEEMDAR.[D]	1xPhospho [S9(99.6)]	O08638 1xPhospho [S1954(99.6)]	O08638	O08638 [1946-1961]	25.02	0.001616	4.645009884	2.791558644
Ppp1r2	[R].EQESSGEEDNDLSPEER.[E]	2xPhospho [S4(100); S5(100)]	Q9DCL8 2xPhospho [S122(100); S123(100)]	Q9DCL8	Q9DCL8 [119-135]	0.09	0.001649	-3.473931188	2.782779344
Pnn	[R].QESDPEDDDVK.[K]	1xPhospho [S3(100)]	O35691 1xPhospho [S100(100)]	O35691	O35691 [98-108]	5.896	0.001664	2.559736524	2.778846678
Scamp3	[R].DTGNPFPDSGELDNPFQDPAVIQHRPSQQYATLDVYNPFENR.[E]	1xPhospho [S27(100)]	O35609 1xPhospho [S32(100)]	O35609	O35609 [6-47]	26.59	0.001775	4.732811872	2.750801643
Usp10	[K].CSPPVPSPLASEK.[Q]	1xCarbamidomethyl [C1]; 1xPhospho [S2(100)]	P52479 1xPhospho [S359(100)]	P52479	P52479 [358-370]	13.99	0.001826	3.806324057	2.738499227
Strap	[K].IGFPETAEEELEEIASENSDSIYSSTPEVK.[A]	2xPhospho [S16(100); S19(100)]	Q9Z1Z2 2xPhospho [S335(100); S338(100)]	Q9Z1Z2	Q9Z1Z2 [320-349]	0.022	0.002306	-5.506352666	2.637140697
Ttll12	[-].MEIQSGPQPGSPGRAER.[L]	1xAcetyl [N-Term]; 1xPhospho [S11(100)]	Q3UDE2 1xAcetyl [N-Term]; 1xPhospho [S11(100)]	Q3UDE2	Q3UDE2 [1-17]	20.92	0.002344	4.386810946	2.630042393
Nup214	[R].SNPSPPSAAMGSAVQHSAAK.[T]	1xPhospho [S4(100)]	Q80U93 1xPhospho [S1139(100)]	Q80U93	Q80U93 [1136-1155]	7.348	0.002371	2.877351626	2.625068446
Syap1	[K].TPPVVIK.[S]	1xPhospho [T1(100)]	Q9D5V6 1xPhospho [T262(100)]	Q9D5V6	Q9D5V6 [262-268]	0.267	0.002709	-1.905088353	2.567190995
Ccdc43	[K].AALLAQYADVTDEEDEADKKDDAGASTANVSSDR.[T]	1xPhospho [T11(100)]	Q9CR29 1xPhospho [T137(100)]	Q9CR29	Q9CR29 [127-160]	0.099	0.002839	-3.336427665	2.546834607
Pabpn1	[K].QMNMSPPPGNAGPVIMSLEEK.[M]	1xPhospho [S5(100)]	Q8CCS6 1xPhospho [S146(100)]	Q8CCS6	Q8CCS6 [142-162]	23.67	0.002849	4.564987801	2.545307551
Slc33a1	[R].RDSVGGEGDR.[E]	1xPhospho [S3(100)]	Q99J27 1xPhospho [S42(100)]	Q99J27	Q99J27 [40-49]	19.29	0.003271	4.269781238	2.485319456
Rpl26	[K].YKEETIEK.[M]	1xPhospho [T5(100)]	P61255 1xPhospho [T139(100)]	P61255	P61255 [135-142]	34.02	0.0034	5.088311236	2.468521083
Prrc2c	[R].SESSDFEVVPK.[R]	2xPhospho [S1(99.5); S4(100)]	Q3TLH4 2xPhospho [S1219(99.5); S1222(100)]	Q3TLH4	Q3TLH4 [1219-1229]	0.053	0.003451	-4.23786383	2.462055041
Clip1	[K].TASESISNLSEAGSVK.[K]	3xPhospho [S5(100); S10(100); S14(100)]	Q922J3 3xPhospho [S194(100); S199(100); S203(100)]	Q922J3	Q922J3 [190-205]	0.067	0.003527	-3.899695094	2.45259454
Fundc1	[R].NPPPQDYESDDESYEVLDLTEYAR.[R]	1xPhospho [S9(100)]	Q9DB70 1xPhospho [S13(100)]	Q9DB70	Q9DB70 [5-28]	13.21	0.003773	3.723558561	2.423313195
Tram1	[K].GTENGVNGTVTSNGADSPR.[N]	1xPhospho [S17(100)]	Q91V04 1xPhospho [S365(100)]	Q91V04	Q91V04 [349-367]	0.08	0.003987	-3.64385619	2.399353764
Prpf40a	[K].QETVSDFTPK.[K]	1xPhospho [T8(100)]	Q9R1C7 1xPhospho [T369(100)]	Q9R1C7	Q9R1C7 [362-371]	0.057	0.003989	-4.13289427	2.399135964
Eef2k	[R].LLQSAKTILR.[G]	1xPhospho [T7(100)]	O08796 1xPhospho [T347(100)]	O08796	O08796 [341-350]	10.16	0.004093	3.344828497	2.387958255
Col3a1	[R].GENGSPGAPGAPGHPGPPGPVGPSGK.[S]	1xPhospho [S5(98.3)]	P08121 1xPhospho [S1038(98.3)]	P08121	P08121 [1034-1059]	0.1	0.004247	-3.321928095	2.371917739
Plcd1	[K].LGGLLPAGGENGPEATDVSDEDEAAEMEDEAVR.[S]	2xPhospho [T16(100); S19(100)]	Q8R3B1 2xPhospho [T457(100); S460(100)]	Q8R3B1	Q8R3B1 [442-474]	0.05	0.004387	-4.321928095	2.357832366
Snw1	[R].GPPSPPAPVMHSPSR.[K]	1xPhospho [S4(100)]	Q9CSN1 1xPhospho [S224(100)]	Q9CSN1	Q9CSN1 [221-235]	3.697	0.004479	1.886355044	2.348818938
Rbm14	[R].QPTPPFFGR.[D]	1xPhospho [T3(100)]	Q8C2Q3 1xPhospho [T206(100)]	Q8C2Q3	Q8C2Q3 [204-212]	3.431	0.004479	1.778629126	2.348818938
Sntb1	[R].LGGGSAEPLSSQSFSFHR.[D]	1xPhospho [S13(100)]	Q99L88 1xPhospho [S233(100)]	Q99L88	Q99L88 [221-238]	9.483	0.004697	3.245343536	2.32817944
Eef2	[R].IMGPNYTPGKK.[E]	1xPhospho [T7(100)]	P58252 1xPhospho [T435(100)]	P58252	P58252 [429-439]	6.553	0.00479	2.712155532	2.319664487
Denr	[K].LTVENSPKQETGITEGQGPVGEEEEK.[K]	1xPhospho [S6(98.1)]	Q9CQJ6 1xPhospho [S73(98.1)]	Q9CQJ6	Q9CQJ6 [68-93]	12.69	0.004997	3.665620164	2.301290651
Hbb-b1	[R].YFDSFGDLSSASAIMGNAK.[V]	1xOxidation [M15]; 1xPhospho [S12(100)]	P02088 1xPhospho [S53(100)]	P02088	P02088 [42-60]	0.093	0.00506	-3.426625474	2.295849483
Hnrnpa3	[R].SSGSPYGGGYGSGGGSGGYGSR.[R]	1xPhospho [S4(100)]	Q8BG05 1xPhospho [S359(100)]	Q8BG05	Q8BG05 [356-377]	16.42	0.006421	4.037382222	2.19239733
Stim1	[R].DLTHSDSESSLHMSDR.[Q]	2xPhospho [S9(99.4); S10(100)]	P70302 2xPhospho [S523(99.4); S524(100)]	P70302	P70302 [515-530]	0.089	0.006568	-3.490050854	2.182566856
Niban2	[K].QVMSVVQDEESGLPFEAGVEPPSPASPDSVTELR.[G]	1xPhospho [S4(100)]	Q8R1F1 1xPhospho [S628(100)]	Q8R1F1	Q8R1F1 [625-658]	11.58	0.006914	3.533563348	2.160270625
Scg2	[K].EHLGPGSSQEMER.[L]	1xOxidation [M11]; 1xPhospho [S8(100)]	Q03517 1xPhospho [S556(100)]	Q03517	Q03517 [549-561]	0.114	0.006994	-3.13289427	2.155274372
Ssrp1	[K].EGINPGYDDYADSDEDQHDAYLER.[M]	1xPhospho [S13(100)]	Q08943 1xPhospho [S444(100)]	Q08943	Q08943 [432-455]	0.296	0.007524	-1.756330919	2.123551213
Vps50	[K].SAYQDYDSDSDVPEELKR.[D]	1xPhospho [S8(100)]	Q8CI71 1xPhospho [S559(100)]	Q8CI71	Q8CI71 [552-569]	0.093	0.007598	-3.426625474	2.119300711
Slc16a1	[K].SKESLQEAGKSDANTDLIGGSPK.[G]	1xPhospho [S4(100)]	P53986 1xPhospho [S213(100)]	P53986	P53986 [210-232]	10.87	0.008658	3.442280035	2.062582419
Pabpc1	[K].ITGMLLEIDNSELLHMLESPESLR.[S]	1xOxidation [M4]; 1xPhospho [S19(100)]	P29341 1xPhospho [S599(100)]	P29341	P29341 [581-604]	14.66	0.009393	3.873813198	2.027195678
Eif4g3	[K].AESESDGQAEETADPQSLHSGR.[S]	1xPhospho [S5(99.4)]	Q80XI3 1xPhospho [S472(99.4)]	Q80XI3	Q80XI3 [468-489]	5.862	0.009752	2.551392968	2.010906307
Tuba4a	[K].DYEEVGIDSYEDEDEGEE.[-]	1xPhospho [S9(100)]	P68368 1xPhospho [S439(100)]	P68368	P68368 [431-448]	0.048	0.009757	-4.380821784	2.010683695
Atp2a2	[R].EFDELSPSAQR.[D]	1xPhospho [S8(100)]	O55143 1xPhospho [S663(100)]	O55143	O55143 [656-666]	0.306	0.01016	-1.708396442	1.993106292
Adam10	[K].LPPPKPLPGTLK.[R]	1xPhospho [T10(100)]	O35598 1xPhospho [T720(100)]	O35598	O35598 [711-722]	19	0.01058	4.247927513	1.975514332
Scg3	[K].DDNSNLGGKTDEATGK.[T]	1xPhospho [T10(100)]	P47867 1xPhospho [T401(100)]	P47867	P47867 [392-407]	21.67	0.01062	4.437627248	1.973875483
Septin2	[K].IYHLPDAESDEDEDFKEQTR.[L]	1xPhospho [S9(100)]	P42208 1xPhospho [S218(100)]	P42208	P42208 [210-229]	0.308	0.01062	-1.698997744	1.973875483
Eif3j1	[K].LQEESDLELAK.[E]	1xPhospho [S5(100)]	Q3UGC7 1xPhospho [S130(100)]	Q3UGC7	Q3UGC7 [126-136]	0.041	0.01064	-4.60823228	1.973058372
Arhgap45	[R].KGSFNPGDASGPEAAGSPPEEGGTSEAAPNKDHR.[G]	1xPhospho [S3(100)]	Q3TBD2 1xPhospho [S577(100)]	Q3TBD2	Q3TBD2 [575-608]	0.053	0.01149	-4.23786383	1.939679971
Sorbs2	[K].GAEDYPDPPLPHSYSSDR.[I]	1xPhospho [S15(99.7)]	Q3UTJ2 1xPhospho [S1097(99.7)]	Q3UTJ2	Q3UTJ2 [1083-1100]	3.133	0.01203	1.64754477	1.919734373
Mylk	[R].KSSTGSPTSPINAEK.[L]	3xPhospho [S3(98.6); S6(100); S9(99.3)]	Q6PDN3 3xPhospho [S1795(98.6); S1798(100); S1801(99.3)]	Q6PDN3	Q6PDN3 [1793-1807]	0.04	0.01227	-4.64385619	1.911155437
Mindy1	[R].TRAPSPQGR.[G]	1xPhospho [S5(100)]	Q76LS9 1xPhospho [S440(100)]	Q76LS9	Q76LS9 [436-444]	9.305	0.01326	3.21800615	1.877456476
Gsk3b	[R].TTSFAESCKPVQQPSAFGSMK.[V]	1xCarbamidomethyl [C8]; 1xPhospho [S3(98.4)]	Q9WV60 1xPhospho [S9(98.4)]	Q9WV60	Q9WV60 [7-27]	23.23	0.01329	4.537917249	1.876475019
Nop56	[K].KSSPKEEVASEPEEAASPTTPK.[K]	3xPhospho [S3(99.1); S10(100); S17(100)]	Q9D6Z1 3xPhospho [S529(99.1); S536(100); S543(100)]	Q9D6Z1	Q9D6Z1 [527-548]	9.545	0.01363	3.254745198	1.865504144
Rplp1	[K].KEESEESEDDMGFGLFD.[-]	1xOxidation [M11]; 2xPhospho [S4(100); S7(100)]	P47955 2xPhospho [S101(100); S104(100)]	P47955	P47955 [98-114]	0.316	0.01364	-1.662003536	1.86518563
Stx7	[R].VSGGFPEDSSK.[E]	1xPhospho [S2(100)]	O70439 1xPhospho [S129(100)]	O70439	O70439 [128-138]	0.247	0.01464	-2.017417053	1.834458923
Snd1	[R].DIQNTQCLLNVEHLSASCPHVTLQFADSK.[G]	2xCarbamidomethyl [C7; C18]; 1xPhospho [S17(100)]	Q78PY7 1xPhospho [S836(100)]	Q78PY7	Q78PY7 [820-848]	5.884	0.01597	2.556797247	1.796695084
Rpl6	[K].AGSDAAASRPR.[A]	1xPhospho [S3(100)]	P47911 1xPhospho [S21(100)]	P47911	P47911 [19-29]	32.69	0.016	5.030777472	1.795880017
Lad1	[R].SVERLPSVEEAEVSKPSPPASK.[D]	2xPhospho [S1(100); S7(100)]	P57016 2xPhospho [S56(100); S62(100)]	P57016	P57016 [56-77]	0.053	0.01659	-4.23786383	1.780153614
Smarcc2	[R].KRSPSPSPTPEAK.[K]	1xPhospho [S3(100)]	Q6PDG5 1xPhospho [S302(100)]	Q6PDG5	Q6PDG5 [300-312]	0.126	0.01721	-2.988504361	1.76421913
Canx	[K].QKSDAEEDGVTGSQDEEDSKPK.[A]	1xPhospho [S13(99.6)]	P35564 1xPhospho [S563(99.6)]	P35564	P35564 [551-572]	3.009	0.01738	1.589284107	1.759950228
Lbr	[K].SGSISSSPSR.[R]	2xPhospho [S3(100); S7(99.1)]	Q3U9G9 2xPhospho [S67(100); S71(99.1)]	Q3U9G9	Q3U9G9 [65-74]	8.743	0.01811	3.128128399	1.74208155
Isoc1	[K].ASAPESGLLSK.[V]	1xPhospho [S10(99.3)]	Q91V64 1xPhospho [S295(99.3)]	Q91V64	Q91V64 [286-296]	18.12	0.01826	4.17951105	1.738499227
Plin3	[R].LPLTEAELALIATPPEDSDMASLQQQR.[Q]	1xPhospho [T13(100)]	Q9DBG5 1xPhospho [T220(100)]	Q9DBG5	Q9DBG5 [208-234]	27.43	0.01845	4.777682717	1.73400363
Pdlim1	[K].QSTSFLVLQEILESDGK.[G]	1xPhospho [T3(99)]	O70400 1xPhospho [T212(99)]	O70400	O70400 [210-226]	17.04	0.01846	4.09085343	1.733768303
Dbnl	[K].QLTQPETSYGR.[E]	1xPhospho [T3(100)]	Q62418 1xPhospho [T299(100)]	Q62418	Q62418 [297-307]	6.05	0.01852	2.596935142	1.732359018
1700019D03Rik	[K].ETFPFPTTLDIDKLHESEEAFIPDDSSQYR.[T]	1xPhospho [S17(100)]	Q9CPS8 1xPhospho [S24(100)]	Q9CPS8	Q9CPS8 [8-37]	8.35	0.01872	3.061776198	1.727694156
Mta2	[R].GHLSRPEAQSLSPYTTSANR.[A]	1xPhospho [S12(100)]	Q9R190 1xPhospho [S435(100)]	Q9R190	Q9R190 [424-443]	14.09	0.01913	3.816599707	1.71828503
Edc4	[K].GPGQVSTAASALSLDLQEVEPLGLPQASPSR.[T]	1xPhospho [S28(99.4)]	Q3UJB9 1xPhospho [S727(99.4)]	Q3UJB9	Q3UJB9 [700-730]	10.52	0.01953	3.3950628	1.709297757
Map4	[K].DMSPLPESEVTLGK.[D]	1xOxidation [M2]; 1xPhospho [S3(100)]	P27546 1xPhospho [S475(100)]	P27546	P27546 [473-486]	0.04	0.02033	-4.64385619	1.691862621
Marcks	[K].SFKLSGFSFK.[K]	3xPhospho [S1(100); S5(100); S8(100)]	P26645 3xPhospho [S156(100); S160(100); S163(100)]	P26645	P26645 [156-165]	0.057	0.02091	-4.13289427	1.679645967
Rtn3	[K].QTFAPQSGPQSSSDILEHTDVK.[T]	1xPhospho [T19(100)]	Q9ES97 1xPhospho [T728(100)]	Q9ES97	Q9ES97 [710-731]	0.134	0.02153	-2.899695094	1.66695597
Krt18	[R].LLEDGEDFSLNDALDSSNSMQTVQK.[T]	1xOxidation [M20]; 1xPhospho [S19(100)]	P05784 1xPhospho [S394(100)]	P05784	P05784 [376-400]	0.048	0.02206	-4.380821784	1.656394492
Synpo2	[R].SVTSPISDFPAPPPYSAVSPPPEAFSR.[G]	1xPhospho [S19(100)]	Q91YE8 1xPhospho [S618(100)]	Q91YE8	Q91YE8 [600-626]	5.528	0.02529	2.466757616	1.597051171
Mecp2	[K].HEPLQPSAHHSAEPAEAGKAETSESSGSAPAVPEASASPK.[Q]	1xPhospho [S38(100)]	Q9Z2D6 1xPhospho [S80(100)]	Q9Z2D6	Q9Z2D6 [43-82]	13.5	0.02563	3.754887502	1.591251394
Krt20	[R].LGAAPSVYGGAGGHGTR.[I]	1xPhospho [S6(100)]	Q9D312 1xPhospho [S41(100)]	Q9D312	Q9D312 [36-52]	6.392	0.02609	2.676267408	1.583525921
Apoe	[R].NEVHTMLGQSTEEIR.[A]	1xPhospho [S10(99.5)]	P08226 1xPhospho [S139(99.5)]	P08226	P08226 [130-144]	0.05	0.02687	-4.321928095	1.570732334
Pdlim5	[K].KANSTQEPSQQPASSGASPLSASEGPESPGSSRPSVAGLR.[S]	1xPhospho [S28(100)]	Q8CI51 1xPhospho [S332(100)]	Q8CI51	Q8CI51 [305-344]	6.841	0.02893	2.77420723	1.538651566
Pbdc1	[K].GADSGGEKEEGANR.[E]	1xPhospho [S4(100)]	Q9D0B6 1xPhospho [S184(100)]	Q9D0B6	Q9D0B6 [181-194]	20.73	0.02937	4.373648211	1.532096053
Rap1gap	[K].RDSFLYSTWLDDSVSTTSGGSSPGLTR.[S]	1xPhospho [S3(100)]	A2ALS5 1xPhospho [S606(100)]	A2ALS5	A2ALS5 [604-630]	22.01	0.03536	4.46008724	1.451487744
5730455P16Rik	[-].MLPSLQESLDGDEKELESSEEGGSAEER.[R]	1xAcetyl [N-Term]; 1xPhospho [S18(99.5)]	Q9CYI0 1xAcetyl [N-Term]; 1xPhospho [S18(99.5)]	Q9CYI0	Q9CYI0 [1-28]	0.357	0.03641	-1.486004021	1.438779321
Wdr33	[R].DAPRPDHPPHDGHSPASR.[E]	1xPhospho [S14(100)]	Q8K4P0 1xPhospho [S1204(100)]	Q8K4P0	Q8K4P0 [1191-1208]	0.059	0.03783	-4.083141235	1.422163659
Mia2	[R].SLSPPWEQDR.[R]	2xPhospho [S1(100); S3(100)]	Q91ZV0 2xPhospho [S1188(100); S1190(100)]	Q91ZV0	Q91ZV0 [1188-1197]	0.182	0.03904	-2.457989644	1.408490191
Srpk1	[K].RPNKQEESESPVDRPLTENPPNK.[M]	1xPhospho [S10(100)]	O70551 1xPhospho [S311(100)]	O70551	O70551 [302-324]	0.307	0.04056	-1.703689439	1.391902054
Rps2	[K].ETVFTKSPYQEFTDHLVK.[T]	1xPhospho [S7(100)]	P25444 1xPhospho [S264(100)]	P25444	P25444 [258-275]	4.808	0.04176	2.265436896	1.37923951
Palld	[R].SRDSGDENEPIQER.[F]	1xPhospho [S4(100)]	Q9ET54 1xPhospho [S1146(100)]	Q9ET54	Q9ET54 [1143-1156]	0.349	0.04544	-1.518701058	1.342561677
Cherp	[R].SRSPTPPSAAGLGSNSAPPIPDSR.[L]	3xPhospho [S1(100); S3(100); T5(100)]	Q8CGZ0 3xPhospho [S824(100); S826(100); T828(100)]	Q8CGZ0	Q8CGZ0 [824-847]	0.061	0.04548	-4.035046947	1.342179544
Eif3h	[K].DFSPEALKK.[A]	1xPhospho [S3(100)]	Q91WK2 1xPhospho [S183(100)]	Q91WK2	Q91WK2 [181-189]	0.052	0.04556	-4.265344567	1.341416285
Erich5	[R].FGSGVTSNENSSTVEHNK.[F]	1xPhospho [S12(97.4)]	Q8K0S2 1xPhospho [S28(97.4)]	Q8K0S2	Q8K0S2 [17-34]	0.059	0.04572	-4.083141235	1.339893778
Hnrnpu	[R].AKSPQPPVEEEDEHFDDTVVCLDTYNCDLHFK.[I]	2xCarbamidomethyl [C21; C27]; 1xPhospho [S3(100)]	Q8VEK3 1xPhospho [S247(100)]	Q8VEK3	Q8VEK3 [245-276]	3.422	0.04804	1.77483976	1.318397001
Cgnl1	[K].HSPSSPPAK.[L]	1xPhospho [S5(99.7)]	Q6AW69 1xPhospho [S443(99.7)]	Q6AW69	Q6AW69 [439-447]	19.71	0.04836	4.300855871	1.315513708
Pdcd4	[R].KDSVWGSGGGQQPVNHLVK.[E]	1xPhospho [S3(100)]	Q61823 1xPhospho [S313(100)]	Q61823	Q61823 [311-329]	2.593	0.04892	1.374622206	1.310513552
Retreg1	[K].DDSELDFSALCPK.[I]	1xCarbamidomethyl [C11]; 1xPhospho [S3(100)]	Q8VE91 1xPhospho [S264(100)]	Q8VE91	Q8VE91 [262-274]	0.052	0.04905	-4.265344567	1.309360988
